bytecode_length,unique_bytes,byte_entropy,zero_byte_ratio,ff_byte_ratio,repeated_byte_ratio,opcode_delegatecall_count,opcode_delegatecall_ratio,opcode_selfdestruct_count,opcode_selfdestruct_ratio,opcode_callcode_count,opcode_callcode_ratio,opcode_create2_count,opcode_create2_ratio,opcode_staticcall_count,opcode_staticcall_ratio,opcode_sstore_count,opcode_sstore_ratio,opcode_sload_count,opcode_sload_ratio,opcode_jump_count,opcode_jump_ratio,opcode_jumpi_count,opcode_jumpi_ratio,opcode_call_count,opcode_call_ratio,opcode_return_count,opcode_return_ratio,opcode_revert_count,opcode_revert_ratio,storage_write_read_ratio,conditional_jump_ratio,has_isblacklisted,has_blacklist,has_addblacklist,has_removeblacklist,has_transfer,has_transferfrom,has_approve,has_mint,has_burn,has_setfee,has_pause,has_unpause,has_approve_no_transferfrom,missing_transfer,has_blacklist_functions,erc20_function_count,total_jumps,jump_density,conditional_complexity,max_consecutive_jumpi,2gram_entropy,2gram_unique_count,2gram_max_frequency,3gram_entropy,3gram_unique_count,3gram_max_frequency,4gram_entropy,4gram_unique_count,4gram_max_frequency,delegatecall_to_storage_pattern,max_jumpi_before_transfer,hidden_owner_checks,balance_check_count,conditional_selfdestruct,has_selfdestruct,fee_storage_manipulation,has_dynamic_fee,has_pause_mechanism,avg_function_complexity,revert_count,revert_to_return_ratio,computed_storage_writes,computed_storage_ratio,is_small_contract,is_medium_contract,is_large_contract,estimated_function_count,function_density,q1_opcode_diversity,q2_opcode_diversity,q3_opcode_diversity,q4_opcode_diversity,has_constructor_pattern,has_metadata,has_standard_memory_init,_chain,_address,_name,blacklist_owner_interaction,delegatecall_storage_interaction,broken_erc20_interaction,transfer_complexity_interaction,storage_activity,total_calls,dangerous_call_ratio,label
3124,187,4.792179308846109,0.07490396927016646,0.30089628681177977,0.30089628681177977,2,0.0006402048655569782,940,0.30089628681177977,1,0.0003201024327784891,8,0.002560819462227913,2,0.0006402048655569782,14,0.004481434058898848,21,0.006722151088348271,58,0.01856594110115237,51,0.016325224071702945,58,0.01856594110115237,10,0.003201024327784891,17,0.005441741357234315,0.6666666666666666,0.46788990825688076,0.0,0.0,0.0,0.0,1.0,1.0,1.0,0.0,0.0,0.0,0.0,0.0,0.0,0.0,0.0,3,109,0.034891165172855315,1.6325224071702946,1,6.542826782243889,626,889,7.307382754658226,918,842,7.715182417089822,1090,795,0,8,0,1,461,1.0,0,0.0,0.0,10.0,17,1.7,6,1.0,0.0,1.0,0.0,15,4.801536491677337,106,75,67,122,1.0,1.0,0.0,ethereum,0xC02aaA39b223FE8D0A0e5C4F27eAD9083C756Cc2,WETH,0.0,12,0.0,13.060179257362357,35,62,0.031746031746031744,0
11075,247,4.594815222080316,0.07792325056433408,0.3641534988713318,0.363882618510158,8,0.0007223476297968397,4033,0.3641534988713318,8,0.0007223476297968397,23,0.002076749435665914,2,0.00018058690744920993,35,0.003160270880361174,104,0.009390519187358917,229,0.020677200902934536,156,0.014085778781038375,251,0.022663656884875847,24,0.0021670428893905192,86,0.007765237020316027,0.33653846153846156,0.4051948051948052,1.0,1.0,0.0,1.0,1.0,1.0,1.0,0.0,0.0,0.0,1.0,1.0,0.0,0.0,1.0,3,385,0.03476297968397291,1.4085778781038374,1,6.353052192020011,1405,3792,7.169541931917658,2146,3576,7.687560705625467,2697,3360,9,9,0,2,1489,1.0,0,0.0,1.0,17.9,86,3.5833333333333335,25,1.0,0.0,0.0,1.0,42,3.792325056433409,195,175,164,156,1.0,1.0,0.0,ethereum,0xdAC17F958D2ee523a2206206994597C13D831ec7,USDT,0.0,200,0.0,12.677200902934537,139,261,0.030534351145038167,0
2186,186,5.327942102814106,0.09606587374199452,0.2593778591033852,0.2584629460201281,7,0.003202195791399817,567,0.2593778591033852,5,0.0022872827081427266,5,0.0022872827081427266,5,0.0022872827081427266,6,0.0027447392497712718,8,0.0036596523330283625,68,0.03110704483074108,33,0.015096065873741994,34,0.01555352241537054,3,0.0013723696248856359,12,0.0054894784995425435,0.75,0.32673267326732675,0.0,0.0,0.0,0.0,0.0,0.0,0.0,0.0,0.0,0.0,0.0,0.0,0.0,1.0,0.0,0,101,0.046203110704483075,1.5096065873741995,1,6.994269704161421,624,535,7.643511520858492,857,506,7.988981308866168,994,477,0,0,0,0,287,1.0,0,0.0,0.0,5.5,12,4.0,4,1.0,0.0,1.0,0.0,15,6.86184812442818,75,89,103,170,1.0,1.0,1.0,ethereum,0xA0b86991c6218b36c1d19D4a2e9Eb0cE3606eB48,USDC,0.0,28,0.0,0.0,14,46,0.14893617021276595,0
7904,221,4.7565960043564015,0.12171052631578948,0.2987095141700405,0.2987095141700405,17,0.00215080971659919,2361,0.2987095141700405,6,0.0007591093117408907,14,0.001771255060728745,5,0.0006325910931174089,34,0.00430161943319838,27,0.0034159919028340082,125,0.015814777327935223,100,0.012651821862348178,128,0.016194331983805668,19,0.002403846153846154,36,0.004554655870445344,1.2592592592592593,0.4444444444444444,0.0,0.0,0.0,0.0,1.0,1.0,1.0,1.0,0.0,0.0,0.0,0.0,0.0,0.0,0.0,4,225,0.028466599190283402,1.2651821862348178,1,6.410809428380774,948,2240,7.183643772697816,1453,2124,7.6426704065295095,1805,2008,3,4,0,1,775,1.0,0,0.0,0.0,17.5,36,1.894736842105263,13,1.0,0.0,1.0,0.0,29,3.669028340080972,149,137,132,147,1.0,0.0,1.0,ethereum,0x6B175474E89094C44Da98b954EedeAC495271d0F,DAI,0.0,221,0.0,5.060728744939271,61,150,0.11258278145695365,0
4582,230,5.8511904852708465,0.1276735050196421,0.029463116542994324,0.1097773897861196,5,0.0010912265386294195,135,0.029463116542994324,3,0.0006547359231776517,15,0.003273679615888258,1,0.00021824530772588389,54,0.01178524661719773,60,0.013094718463553033,150,0.032736796158882586,108,0.02357049323439546,24,0.005237887385421213,12,0.0026189436927106066,64,0.013967699694456569,0.9,0.4186046511627907,0.0,0.0,0.0,0.0,1.0,1.0,1.0,1.0,1.0,0.0,1.0,1.0,0.0,0.0,0.0,5,258,0.056307289393278045,2.357049323439546,2,8.491970828158271,1136,190,9.525567674882224,1801,182,10.033433377226302,2207,174,14,10,0,3,100,1.0,0,0.0,1.0,18.7,64,5.333333333333333,18,0.9473684210526315,0.0,1.0,0.0,38,8.293321693583588,145,153,129,154,1.0,1.0,1.0,ethereum,0x2260FAC5E5542a773Aa44fBCfeDf7C193bc2C599,WBTC,0.0,90,0.0,23.570493234395464,114,30,0.16129032258064516,0
3153,200,5.718497328530271,0.10497938471297177,0.012369172216936251,0.11068823342848082,3,0.0009514747859181732,39,0.012369172216936251,5,0.001585791309863622,5,0.001585791309863622,4,0.0012686330478908975,18,0.005708848715509039,12,0.003805899143672693,97,0.030764351411354265,47,0.014906438312718047,10,0.003171582619727244,18,0.005708848715509039,24,0.007611798287345386,1.5,0.3263888888888889,0.0,0.0,0.0,0.0,1.0,1.0,1.0,0.0,0.0,0.0,0.0,0.0,0.0,0.0,0.0,3,144,0.04567078972407231,1.4906438312718047,1,8.205951915620377,751,99,9.145273343027807,1151,94,9.562291175586155,1377,89,0,9,0,1,10,1.0,0,0.0,0.0,10.9,24,1.3333333333333333,9,1.0,0.0,1.0,0.0,18,5.708848715509039,104,101,105,134,1.0,1.0,0.0,ethereum,0x514910771AF9Ca656af840dff83E8264EcF986CA,LINK,0.0,27,0.0,13.415794481446241,30,17,0.16666666666666666,0
2491,212,6.210836419324287,0.0734644720995584,0.0004014452027298274,0.09152950622240064,4,0.0016057808109193096,1,0.0004014452027298274,6,0.0024086712163789645,7,0.0028101164191087916,4,0.0016057808109193096,22,0.008831794460056202,2,0.0008028904054596548,97,0.03894018466479326,52,0.020875150541951024,5,0.002007226013649137,7,0.0028101164191087916,27,0.010839020473705338,11.0,0.348993288590604,0.0,0.0,0.0,0.0,0.0,0.0,0.0,0.0,0.0,0.0,0.0,0.0,0.0,1.0,0.0,0,149,0.05981533520674428,2.0875150541951024,1,8.813972462063967,882,61,9.738842536188328,1280,50,10.125370760942848,1512,25,3,0,0,0,0,1.0,0,0.0,0.0,8.6,27,3.857142857142857,13,1.0,0.0,1.0,0.0,17,6.824568446407065,86,114,135,171,1.0,0.0,1.0,ethereum,0x7Fc66500c84A76Ad7e9c93437bFc5Ac33E2DDaE9,AAVE,0.0,52,0.0,0.0,24,13,0.2857142857142857,0
12567,250,5.580076483235764,0.12286146256067479,0.18071138696586297,0.18063181347974855,5,0.0003978674305721334,2271,0.18071138696586297,16,0.0012731757778308267,62,0.004933556139094453,3,0.00023872045834328001,103,0.008196069069785948,70,0.005570144028009867,503,0.040025463515556615,172,0.013686639611681388,71,0.005649717514124294,14,0.0011140288056019733,21,0.0016710432084029601,1.4714285714285715,0.2548148148148148,0.0,0.0,0.0,0.0,1.0,1.0,1.0,1.0,0.0,0.0,0.0,0.0,0.0,0.0,0.0,4,675,0.053712103127238,1.3686639611681388,1,8.096423615612961,2146,2124,9.210209364748131,3708,1987,9.809058131846522,4740,1850,0,9,0,1,547,1.0,0,0.0,0.0,17.4,21,1.5,38,0.8444444444444444,0.0,0.0,1.0,53,4.217394764064614,207,187,194,184,1.0,0.0,1.0,ethereum,0x1f9840a85d5aF5bf1D1762F925BDADdC4201F984,UNI,0.0,190,0.0,12.31797565051325,173,79,0.0625,0
18709,256,5.5652078741465605,0.12149232989470309,0.15313485488267678,0.15286760382703513,43,0.00229835907851836,2865,0.15313485488267678,23,0.001229354855951681,62,0.003313913089956705,22,0.001175904644823347,88,0.004703618579293388,82,0.004382917312523385,878,0.04692928537067721,219,0.011705596237105136,161,0.008605483991661767,42,0.002244908867390026,71,0.003794964990111711,1.0731707317073171,0.19963536918869645,0.0,0.0,0.0,0.0,1.0,1.0,1.0,1.0,0.0,0.0,0.0,0.0,0.0,0.0,0.0,4,1097,0.05863488160778235,1.1705596237105136,1,8.161013594112717,3062,2699,9.425860815997614,5273,2551,10.07063394939575,6892,2403,0,10,0,1,565,1.0,0,0.0,0.0,17.8,71,1.6904761904761905,14,0.8235294117647058,0.0,0.0,1.0,54,2.8863114009300337,236,232,216,189,1.0,0.0,1.0,ethereum,0xC18360217D8F7Ab5e7c516566761Ea12Ce7F9D72,ENS,0.0,602,0.0,11.705596237105135,170,226,0.1894273127753304,0
2244,194,5.979317545893994,0.05837789661319073,0.0,0.10828877005347594,7,0.0031194295900178253,0,0.0,7,0.0031194295900178253,4,0.0017825311942959,1,0.000445632798573975,13,0.005793226381461676,14,0.006238859180035651,98,0.04367201426024955,50,0.022281639928698752,4,0.0017825311942959,7,0.0031194295900178253,14,0.006238859180035651,0.9285714285714286,0.33783783783783783,0.0,0.0,0.0,0.0,1.0,1.0,1.0,0.0,0.0,0.0,0.0,0.0,0.0,0.0,0.0,3,148,0.0659536541889483,2.228163992869875,1,8.601835849364969,774,59,9.595995534026839,1180,35,10.008327493379115,1399,15,0,8,0,1,0,0.0,0,0.0,0.0,8.1,14,2.0,2,0.6666666666666666,0.0,1.0,0.0,20,8.9126559714795,101,84,98,124,1.0,0.0,1.0,ethereum,0x4d224452801ACEd8B2F0aebE155379bb5D594381,APE,0.0,14,0.0,17.825311942959,27,12,0.5384615384615384,0
4517,229,6.03435094970607,0.056232012397609034,0.0017710870046491033,0.10847907903475758,11,0.0024352446313925173,8,0.0017710870046491033,12,0.002656630506973655,15,0.003320788133717069,2,0.00044277175116227583,37,0.008191277396502104,33,0.0073057338941775515,222,0.04914766437901262,100,0.022138587558113793,15,0.003320788133717069,9,0.0019924728802302415,19,0.00420633163604162,1.121212121212121,0.3105590062111801,0.0,0.0,0.0,0.0,1.0,1.0,1.0,0.0,1.0,0.0,0.0,0.0,0.0,0.0,0.0,4,322,0.07128625193712641,2.2138587558113794,2,8.860135088003645,1263,168,10.03408625205148,2050,97,10.568854717686554,2529,46,0,8,0,1,5,1.0,0,0.0,0.0,17.5,19,2.111111111111111,10,0.8333333333333334,0.0,1.0,0.0,35,7.748505645339827,165,110,130,126,1.0,0.0,1.0,ethereum,0x6982508145454Ce325dDbE47a25d4ec3d2311933,PEPE,0.0,110,0.0,17.710870046491035,70,28,0.3793103448275862,0
4369,229,5.727607942813436,0.09704737926298924,0.012817578393224994,0.11375600823987182,4,0.0009155413138017853,56,0.012817578393224994,8,0.0018310826276035706,22,0.0050354772259098195,3,0.000686655985351339,35,0.00801098649576562,46,0.010528725108720532,181,0.041428244449530784,139,0.03181506065461204,6,0.001373311970702678,25,0.005722133211261158,97,0.022201876859693295,0.7608695652173914,0.434375,0.0,0.0,0.0,0.0,1.0,1.0,1.0,1.0,1.0,0.0,0.0,0.0,0.0,0.0,0.0,5,320,0.07324330510414283,3.181506065461204,2,8.192600756087119,940,176,9.286886251494394,1486,89,9.89673348076736,1940,88,0,4,0,1,12,1.0,0,0.0,0.0,6.9,97,3.88,19,1.0,0.0,1.0,0.0,30,6.86655985351339,127,143,119,125,1.0,0.0,0.0,ethereum,0xD533a949740bb3306d119CC777fa900bA034cd52,CRV,0.0,76,0.0,12.726024261844817,81,13,0.2857142857142857,0
12349,249,5.44856455565675,0.12203417280751477,0.17248360191108592,0.1723216454773666,29,0.0023483682889302777,2130,0.17248360191108592,22,0.0017815207709126245,45,0.0036440197586849136,7,0.0005668475180176533,66,0.0053445623127378735,83,0.006721191999352174,320,0.02591302939509272,204,0.01651955623937161,150,0.012146732528949713,28,0.002267390072070613,62,0.0050206494452992145,0.7951807228915663,0.3893129770992366,0.0,0.0,0.0,0.0,1.0,1.0,1.0,1.0,1.0,0.0,0.0,0.0,0.0,0.0,0.0,5,524,0.04243258563446433,1.6519556239371609,1,7.784228382287339,1822,1999,8.870019753747957,3078,1879,9.447290682760762,3922,1761,56,10,0,2,746,1.0,0,0.0,0.0,17.8,62,2.2142857142857144,21,1.0,0.0,0.0,1.0,50,4.048910842983237,182,168,187,156,1.0,0.0,1.0,ethereum,0xba100000625a3754423978a60c9317c58a424e3D,BAL,0.0,609,0.0,16.51955623937161,149,186,0.15508021390374332,0
4160,221,5.809223431011333,0.17115384615384616,0.017548076923076923,0.1293269230769231,7,0.0016826923076923078,73,0.017548076923076923,3,0.0007211538461538462,14,0.0033653846153846156,1,0.0002403846153846154,16,0.0038461538461538464,35,0.008413461538461538,123,0.02956730769230769,98,0.023557692307692307,23,0.005528846153846154,8,0.0019230769230769232,62,0.014903846153846155,0.45714285714285713,0.4434389140271493,0.0,0.0,0.0,0.0,1.0,1.0,1.0,0.0,0.0,0.0,0.0,0.0,0.0,0.0,0.0,3,221,0.053125,2.355769230769231,1,8.231516454082547,979,421,9.119907781576249,1503,400,9.58184056427147,1833,379,18,10,0,3,9,1.0,0,0.0,0.0,15.9,62,7.75,3,0.5,0.0,1.0,0.0,34,8.173076923076923,142,130,137,137,1.0,1.0,1.0,ethereum,0xC011a73ee8576Fb46F5E1c5751cA3B9Fe0af2a6F,SNX,0.0,21,0.0,23.557692307692307,51,31,0.21875,0
3379,233,5.8582075371141835,0.11245930748742232,0.01746078721515241,0.12844036697247707,3,0.0008878366380585972,59,0.01746078721515241,3,0.0008878366380585972,15,0.004439183190292986,4,0.0011837821840781297,29,0.00858242083456644,34,0.010062148564664102,163,0.048239124001183784,77,0.022787807043503996,14,0.004143237644273453,5,0.001479727730097662,46,0.01361349511689849,0.8529411764705882,0.32083333333333336,0.0,0.0,0.0,0.0,1.0,1.0,1.0,1.0,1.0,0.0,0.0,0.0,0.0,0.0,0.0,5,240,0.07102693104468778,2.2787807043503996,2,8.257495878821983,938,92,9.201870690376834,1356,88,9.716784768135096,1663,84,0,9,0,1,48,1.0,0,0.0,0.0,18.3,46,9.2,17,1.0,0.0,1.0,0.0,30,8.878366380585971,147,117,133,146,1.0,1.0,0.0,ethereum,0x9f8F72aA9304c8B593d555F12eF6589cC3A579A2,MKR,0.0,51,0.0,20.509026339153596,63,21,0.13636363636363635,0
6419,211,4.927860076642471,0.11606169185231345,0.26717557251908397,0.26717557251908397,3,0.0004673625175260944,1715,0.26717557251908397,14,0.0021810250817884407,5,0.0007789375292101573,1,0.00015578750584203146,31,0.004829412681102975,32,0.004985200186945007,127,0.019785013241937998,100,0.015578750584203147,105,0.016357688113413305,15,0.0023368125876304722,31,0.004829412681102975,0.96875,0.44052863436123346,0.0,0.0,0.0,0.0,1.0,1.0,1.0,1.0,0.0,0.0,0.0,0.0,0.0,0.0,0.0,4,227,0.03536376382614114,1.5578750584203147,1,6.792574666262397,882,1617,7.617169676047196,1402,1526,8.076570584284138,1725,1435,0,7,0,1,469,1.0,0,0.0,0.0,16.4,31,2.066666666666667,9,1.0,0.0,1.0,0.0,28,4.362050163576882,132,102,98,147,1.0,0.0,1.0,ethereum,0x0bc529c00C6401aEF6D220BE8C6Ea1667F6Ad93e,YFI,0.0,27,0.0,10.905125408942203,63,109,0.02727272727272727,0
5796,218,4.692313722114673,0.0800552104899931,0.3373015873015873,0.3373015873015873,4,0.0006901311249137336,1955,0.3373015873015873,4,0.0006901311249137336,13,0.002242926155969634,2,0.0003450655624568668,25,0.004313319530710835,38,0.006556245686680469,122,0.021048999309868876,80,0.013802622498274672,126,0.021739130434782608,25,0.004313319530710835,30,0.005175983436853002,0.6578947368421053,0.39603960396039606,0.0,0.0,0.0,0.0,1.0,1.0,1.0,0.0,0.0,0.0,0.0,0.0,0.0,0.0,0.0,3,202,0.034851621808143544,1.3802622498274673,2,6.374392260399968,869,1833,7.107337574997448,1295,1718,7.5638716936387,1582,1603,0,9,0,1,694,1.0,0,0.0,0.0,16.4,30,1.2,11,0.8461538461538461,0.0,1.0,0.0,27,4.658385093167702,154,109,116,138,1.0,1.0,0.0,ethereum,0xf3db7560e820834658b590c96234c333cd3d5e5e,Pokeball,0.0,44,0.0,12.422360248447205,63,132,0.03007518796992481,1
5796,218,4.692313722114673,0.0800552104899931,0.3373015873015873,0.3373015873015873,4,0.0006901311249137336,1955,0.3373015873015873,4,0.0006901311249137336,13,0.002242926155969634,2,0.0003450655624568668,25,0.004313319530710835,38,0.006556245686680469,122,0.021048999309868876,80,0.013802622498274672,126,0.021739130434782608,25,0.004313319530710835,30,0.005175983436853002,0.6578947368421053,0.39603960396039606,0.0,0.0,0.0,0.0,1.0,1.0,1.0,0.0,0.0,0.0,0.0,0.0,0.0,0.0,0.0,3,202,0.034851621808143544,1.3802622498274673,2,6.374392260399968,869,1833,7.107337574997448,1295,1718,7.5638716936387,1582,1603,0,9,0,1,694,1.0,0,0.0,0.0,16.4,30,1.2,11,0.8461538461538461,0.0,1.0,0.0,27,4.658385093167702,154,109,116,138,1.0,1.0,0.0,ethereum,0xf3db7560e820834658b590c96234c333cd3d5e5e,Pokeball,0.0,44,0.0,12.422360248447205,63,132,0.03007518796992481,1
15648,254,5.984353944589878,0.07534509202453987,0.0037065439672801636,0.1248721881390593,23,0.001469836400817996,58,0.0037065439672801636,15,0.0009585889570552147,48,0.003067484662576687,25,0.0015976482617586912,151,0.009649795501022495,253,0.016168200408997954,656,0.041922290388548056,283,0.018085378323108383,51,0.00325920245398773,16,0.0010224948875255625,125,0.007988241308793456,0.5968379446640316,0.30138445154419596,0.0,0.0,0.0,0.0,1.0,1.0,1.0,0.0,0.0,0.0,0.0,0.0,0.0,0.0,0.0,3,939,0.06000766871165644,1.8085378323108385,2,9.252820311169577,2792,419,10.831827250906573,5289,312,11.582013962667236,7128,156,52,2,0,21,27,1.0,0,0.0,0.0,17.1,125,7.8125,84,0.9438202247191011,0.0,0.0,1.0,79,5.048568507157464,230,199,194,203,1.0,0.0,1.0,ethereum,0xdba68f07d1b7ca219f78ae8582c213d975c25caf,OutOfGas,0.0,1932,0.0,3.617075664621677,404,99,0.23,1
4852,195,4.913777422766012,0.13087386644682605,0.25041220115416324,0.25041220115416324,6,0.001236603462489695,1215,0.25041220115416324,10,0.002061005770816158,13,0.0026793075020610057,0,0.0,15,0.0030915086562242375,24,0.00494641384995878,92,0.018961253091508656,83,0.017106347897774113,80,0.016488046166529265,12,0.00247320692497939,36,0.00741962077493817,0.625,0.4742857142857143,0.0,0.0,0.0,0.0,1.0,1.0,1.0,0.0,1.0,0.0,0.0,0.0,0.0,0.0,0.0,4,175,0.03606760098928277,1.7106347897774112,2,6.690645223889334,717,1145,7.475772226800625,1104,1078,7.929046575075935,1346,1011,0,10,0,1,368,1.0,0,0.0,0.0,11.8,36,3.0,5,1.0,0.0,1.0,0.0,16,3.297609233305853,115,73,90,118,1.0,1.0,1.0,ethereum,0x95ad61b0a150d79219dcf64e1e6cc01f0b64c4ce,SHIB_FAKE,0.0,30,0.0,17.106347897774114,39,86,0.06896551724137931,1
2546,189,5.865486297957472,0.07148468185388845,0.0007855459544383347,0.10604870384917518,1,0.00039277297721916735,2,0.0007855459544383347,7,0.0027494108405341712,9,0.003534956794972506,1,0.00039277297721916735,20,0.007855459544383346,19,0.007462686567164179,84,0.032992930086410056,60,0.02356637863315004,8,0.003142183817753339,6,0.002356637863315004,17,0.006677140612725845,1.0526315789473684,0.4166666666666667,0.0,0.0,0.0,0.0,1.0,1.0,1.0,0.0,0.0,0.0,0.0,0.0,0.0,0.0,0.0,3,144,0.056559308719560095,2.356637863315004,1,8.611902903054837,779,57,9.647275844571121,1212,50,10.083911604529845,1451,21,0,8,0,1,0,1.0,0,0.0,0.0,10.3,17,2.8333333333333335,4,1.0,0.0,1.0,0.0,21,8.248232521602514,97,86,104,138,1.0,0.0,1.0,ethereum,0x761d38e5ddf6ccf6cf7c55759d5210750b5d60f3,ELON_SCAM,0.0,4,0.0,18.853102906520032,39,10,0.09090909090909091,1
5547,204,5.773754165638614,0.12222823147647377,0.011357490535424553,0.10798629890030648,15,0.0027041644131963224,63,0.011357490535424553,9,0.0016224986479177934,11,0.0019830539030106366,4,0.000721110510185686,41,0.007391382729403281,44,0.007932215612042546,129,0.023255813953488372,112,0.020191094285199208,9,0.0016224986479177934,3,0.0005408328826392645,7,0.0012619433928249505,0.9318181818181818,0.46473029045643155,0.0,0.0,0.0,0.0,0.0,0.0,0.0,0.0,0.0,0.0,0.0,0.0,0.0,1.0,0.0,0,241,0.043446908238687576,2.0191094285199207,1,8.609967546047272,1183,306,9.817884725762358,2086,289,10.379740542393199,2639,272,0,0,0,0,12,1.0,0,0.0,0.0,2.7,7,2.3333333333333335,25,1.0,0.0,1.0,0.0,24,4.326663061114116,143,132,102,123,1.0,0.0,1.0,ethereum,0xc1e088fc1323b20bcbee9bd1b9fc9546db5624c5,BunnyPark,0.0,375,0.0,0.0,85,28,0.5172413793103449,1
2058,198,5.6451216217676805,0.056851311953352766,0.16472303206997085,0.16472303206997085,3,0.0014577259475218659,339,0.16472303206997085,2,0.0009718172983479105,6,0.0029154518950437317,1,0.00048590864917395527,12,0.0058309037900874635,18,0.008746355685131196,68,0.03304178814382896,48,0.023323615160349854,9,0.004373177842565598,6,0.0029154518950437317,23,0.011175898931000973,0.6666666666666666,0.41379310344827586,0.0,0.0,0.0,0.0,1.0,1.0,1.0,0.0,0.0,0.0,0.0,0.0,0.0,0.0,0.0,3,116,0.056365403304178816,2.3323615160349855,1,7.864487676904822,722,321,8.698956137119213,1042,306,9.079453602342438,1217,291,1,3,0,1,194,1.0,0,0.0,0.0,12.9,23,3.8333333333333335,6,1.0,0.0,1.0,0.0,15,7.28862973760933,100,84,82,146,1.0,0.0,1.0,pulsechain,0xA1077a294dDE1B09bB078844df40758a5D0f9a27,WPLS,0.0,18,0.0,6.997084548104956,30,13,0.21428571428571427,0
20989,256,6.107794960684177,0.06384296536280909,0.030349230549335367,0.10767544904473772,25,0.0011911001000524085,637,0.030349230549335367,38,0.0018104721520796607,64,0.0030492162561341655,24,0.001143456096050312,143,0.006813092572299776,110,0.005240840440230597,674,0.03211205869741293,373,0.017771213492781934,105,0.005002620420220115,29,0.0013816761160607937,151,0.007194244604316547,1.3,0.3562559694364852,0.0,0.0,0.0,0.0,1.0,1.0,1.0,0.0,0.0,0.0,0.0,0.0,0.0,0.0,0.0,3,1047,0.049883272190194866,1.7771213492781934,1,9.70864119708089,3640,481,11.419656010282148,7356,362,12.258311132007982,10089,269,17,9,0,1,187,1.0,0,0.0,0.0,18.8,151,5.206896551724138,28,0.9032258064516129,0.0,0.0,1.0,78,3.716232312163514,237,228,237,228,1.0,0.0,1.0,pulsechain,0x2b591e99afE9f32eAA6214f7B7629768c40Eeb39,HEX,0.0,700,0.0,15.99409214350374,253,154,0.16129032258064516,0
10660,253,5.584728895154344,0.16360225140712945,0.15131332082551593,0.15103189493433397,34,0.0031894934333958724,1613,0.15131332082551593,21,0.0019699812382739214,24,0.00225140712945591,8,0.00075046904315197,68,0.006378986866791745,66,0.006191369606003753,314,0.02945590994371482,167,0.015666041275797373,44,0.004127579737335835,5,0.00046904315196998124,44,0.004127579737335835,1.0303030303030303,0.3471933471933472,0.0,0.0,0.0,0.0,1.0,1.0,1.0,1.0,1.0,0.0,0.0,0.0,0.0,0.0,0.0,5,481,0.045121951219512194,1.5666041275797373,1,8.022409742803465,1970,1498,9.093801108538846,3394,1393,9.637771278423305,4305,1288,0,8,0,1,555,1.0,0,0.0,0.0,18.5,44,8.8,12,0.8,0.0,0.0,1.0,47,4.409005628517823,216,178,211,178,1.0,0.0,1.0,pulsechain,0x2fa878Ab3F87CC1C9737Fc071108F904c0B0C95d,INC,0.0,408,0.0,12.532833020637899,134,86,0.39080459770114945,0
10661,252,5.587782730767079,0.1632117062189288,0.1513929274927305,0.1510177281680893,30,0.0028139949348091175,1614,0.1513929274927305,22,0.002063596285526686,29,0.0027201951036488134,6,0.0005627989869618235,70,0.006565988181221274,66,0.006190788856580058,312,0.02926554732201482,166,0.01557077197261045,45,0.004220992402213676,4,0.00037519932464121565,44,0.004127192571053372,1.0606060606060606,0.3472803347280335,0.0,0.0,0.0,0.0,1.0,1.0,1.0,1.0,1.0,0.0,0.0,0.0,0.0,0.0,0.0,5,478,0.04483631929462527,1.5570771972610449,1,8.02487590094662,1968,1498,9.097342284689239,3395,1393,9.641050610849726,4306,1288,0,8,0,1,560,1.0,0,0.0,0.0,18.5,44,11.0,13,0.8125,0.0,0.0,1.0,47,4.408592064534284,216,178,206,178,1.0,0.0,1.0,pulsechain,0x95B303987A60C71504D99Aa1b13B4DA07b0790ab,PLSX,0.0,390,0.0,12.456617578088359,136,81,0.36585365853658536,0
328,119,6.107131693002536,0.10060975609756098,0.024390243902439025,0.08841463414634146,1,0.003048780487804878,8,0.024390243902439025,0,0.0,1,0.003048780487804878,0,0.0,1,0.003048780487804878,1,0.003048780487804878,9,0.027439024390243903,7,0.021341463414634148,0,0.0,4,0.012195121951219513,4,0.012195121951219513,1.0,0.4375,0.0,0.0,0.0,0.0,0.0,0.0,0.0,0.0,0.0,0.0,0.0,0.0,0.0,1.0,0.0,0,16,0.04878048780487805,2.1341463414634148,1,7.570063091807967,235,12,7.982904899733631,276,6,8.133129167967802,294,5,0,0,0,0,8,1.0,0,0.0,0.0,3.6666666666666665,4,1.0,0,0.0,1.0,0.0,0.0,3,3.0,41,36,44,67,1.0,0.0,1.0,pulsechain,0x0Cb6F5a34ad42ec934882A05265A7d5F59b51A2f,USDT,0.0,0,0.0,0.0,2,1,0.5,0
328,119,6.107131693002536,0.10060975609756098,0.024390243902439025,0.08841463414634146,1,0.003048780487804878,8,0.024390243902439025,0,0.0,1,0.003048780487804878,0,0.0,1,0.003048780487804878,1,0.003048780487804878,9,0.027439024390243903,7,0.021341463414634148,0,0.0,4,0.012195121951219513,4,0.012195121951219513,1.0,0.4375,0.0,0.0,0.0,0.0,0.0,0.0,0.0,0.0,0.0,0.0,0.0,0.0,0.0,1.0,0.0,0,16,0.04878048780487805,2.1341463414634148,1,7.570063091807967,235,12,7.982904899733631,276,6,8.133129167967802,294,5,0,0,0,0,8,1.0,0,0.0,0.0,3.6666666666666665,4,1.0,0,0.0,1.0,0.0,0.0,3,3.0,41,36,44,67,1.0,0.0,1.0,pulsechain,0x15D38573d2feeb82e7ad5187aB8c1D52810B1f07,USDC,0.0,0,0.0,0.0,2,1,0.5,0
328,119,6.107131693002536,0.10060975609756098,0.024390243902439025,0.08841463414634146,1,0.003048780487804878,8,0.024390243902439025,0,0.0,1,0.003048780487804878,0,0.0,1,0.003048780487804878,1,0.003048780487804878,9,0.027439024390243903,7,0.021341463414634148,0,0.0,4,0.012195121951219513,4,0.012195121951219513,1.0,0.4375,0.0,0.0,0.0,0.0,0.0,0.0,0.0,0.0,0.0,0.0,0.0,0.0,0.0,1.0,0.0,0,16,0.04878048780487805,2.1341463414634148,1,7.570063091807967,235,12,7.982904899733631,276,6,8.133129167967802,294,5,0,0,0,0,8,1.0,0,0.0,0.0,3.6666666666666665,4,1.0,0,0.0,1.0,0.0,0.0,3,3.0,41,36,44,67,1.0,0.0,1.0,pulsechain,0xefD766cCb38EaF1dfd701853BFCe31359239F305,DAI,0.0,0,0.0,0.0,2,1,0.5,0
496,123,5.929462923882191,0.09274193548387097,0.0,0.125,3,0.006048387096774193,0,0.0,1,0.0020161290322580645,1,0.0020161290322580645,0,0.0,2,0.004032258064516129,6,0.012096774193548387,9,0.018145161290322582,11,0.02217741935483871,1,0.0020161290322580645,3,0.006048387096774193,5,0.010080645161290322,0.3333333333333333,0.55,0.0,0.0,0.0,0.0,0.0,0.0,0.0,0.0,0.0,0.0,0.0,0.0,0.0,1.0,0.0,0,20,0.04032258064516129,2.217741935483871,1,7.820866441290021,319,18,8.40794707621542,401,14,8.619841230336341,434,7,0,0,0,0,0,0.0,0,0.0,0.0,3.1666666666666665,5,1.6666666666666667,1,1.0,1.0,0.0,0.0,6,6.0,51,36,46,84,1.0,0.0,1.0,pulsechain,0xb1f52d529390ec28483fe7689a4ea26fce2956f4,Coin-Plasma,0.0,3,0.0,0.0,8,4,0.6,1
7725,244,5.295820071546583,0.09501618122977347,0.20789644012944983,0.20763754045307442,13,0.0016828478964401295,1606,0.20789644012944983,36,0.004660194174757282,47,0.0060841423948220065,2,0.0002588996763754045,37,0.004789644012944984,48,0.006213592233009709,321,0.04155339805825243,94,0.012168284789644013,96,0.012427184466019418,16,0.002071197411003236,26,0.003365695792880259,0.7708333333333334,0.22650602409638554,0.0,0.0,0.0,0.0,1.0,1.0,1.0,0.0,0.0,0.0,0.0,0.0,0.0,0.0,0.0,3,415,0.05372168284789644,1.2168284789644013,1,7.478553065031455,1395,1513,8.531200687558766,2311,1434,9.023010448039573,2888,1355,0,8,0,1,526,1.0,0,0.0,0.0,15.9,26,1.625,14,1.0,0.0,1.0,0.0,28,3.6245954692556634,163,117,144,160,1.0,0.0,1.0,pulsechain,0x8560ed0254b982080aeca2832a2f513b4b723735,Pulse Guardian,0.0,182,0.0,9.73462783171521,85,111,0.11607142857142858,1
2041,187,5.613936851518578,0.0583047525722685,0.16609505144536993,0.16609505144536993,2,0.0009799118079372856,339,0.16609505144536993,2,0.0009799118079372856,6,0.002939735423811857,0,0.0,13,0.006369426751592357,18,0.008819206271435572,65,0.03184713375796178,47,0.023027927486526212,9,0.004409603135717786,5,0.002449779519843214,25,0.01224889759921607,0.7222222222222222,0.41964285714285715,0.0,0.0,0.0,0.0,1.0,1.0,1.0,0.0,0.0,0.0,0.0,0.0,0.0,0.0,0.0,3,112,0.054875061244487995,2.3027927486526214,2,7.848292391989379,712,321,8.676914947857636,1028,306,9.059664408862366,1204,291,0,3,0,1,194,1.0,0,0.0,0.0,12.0,25,5.0,6,1.0,0.0,1.0,0.0,14,6.859382655560999,101,78,72,125,1.0,0.0,1.0,optimism,0x4200000000000000000000000000000000000006,WETH,0.0,12,0.0,6.908378245957865,31,11,0.16666666666666666,0
6774,223,5.138160420551984,0.09477413640389726,0.25878358429288456,0.25878358429288456,5,0.0007381163271331562,1753,0.25878358429288456,12,0.001771479185119575,14,0.002066725715972837,4,0.000590493061706525,30,0.0044286979627989375,31,0.004576321228225568,142,0.020962503690581637,104,0.015352819604369648,109,0.016090935931502806,17,0.002509595512252731,33,0.00487156775907883,0.967741935483871,0.42276422764227645,0.0,0.0,0.0,0.0,1.0,1.0,1.0,1.0,0.0,0.0,0.0,0.0,0.0,0.0,0.0,4,246,0.03631532329495128,1.535281960436965,1,7.104366463116294,1056,1656,7.933271875864913,1628,1564,8.389874763926278,1975,1472,0,4,0,2,541,1.0,0,0.0,0.0,16.3,33,1.9411764705882353,7,1.0,0.0,1.0,0.0,29,4.281074697372306,128,168,111,158,1.0,0.0,1.0,optimism,0x94b008aA00579c1307B0EF2c499aD98a8ce58e58,USDT,0.0,35,0.0,6.14112784174786,61,118,0.04201680672268908,0
14725,255,4.988706874013985,0.15089983022071307,0.253446519524618,0.253446519524618,8,0.0005432937181663837,3732,0.253446519524618,20,0.0013582342954159593,22,0.0014940577249575552,5,0.00033955857385398983,50,0.003395585738539898,79,0.005365025466893039,253,0.017181663837011883,195,0.013242784380305603,227,0.015415959252971137,22,0.0014940577249575552,76,0.005161290322580645,0.6329113924050633,0.43526785714285715,0.0,0.0,1.0,0.0,1.0,1.0,1.0,1.0,0.0,0.0,1.0,1.0,0.0,0.0,1.0,4,448,0.030424448217317487,1.3242784380305603,2,6.881702302908167,1582,3506,7.630238784481677,2384,3316,8.081871271932556,2923,3126,0,10,0,1,800,1.0,0,0.0,1.0,18.1,76,3.4545454545454546,15,0.9375,0.0,0.0,1.0,47,3.191850594227504,190,148,185,170,1.0,0.0,1.0,optimism,0x7F5c764cBc14f9669B88837ca1490cCa17c31607,USDC.e,0.0,120,0.0,13.242784380305604,129,240,0.03319502074688797,0
1852,199,5.883377664845265,0.08531317494600432,0.1744060475161987,0.17332613390928725,4,0.0021598272138228943,323,0.1744060475161987,7,0.003779697624190065,9,0.004859611231101512,8,0.004319654427645789,6,0.0032397408207343412,12,0.0064794816414686825,61,0.032937365010799136,34,0.0183585313174946,17,0.0091792656587473,4,0.0021598272138228943,19,0.010259179265658747,0.5,0.35789473684210527,0.0,0.0,0.0,0.0,0.0,0.0,0.0,0.0,0.0,0.0,0.0,0.0,0.0,1.0,0.0,0,95,0.05129589632829374,1.8358531317494602,1,7.89008177729235,718,304,8.55785678234172,971,288,8.854485544404287,1105,272,3,0,0,0,184,1.0,0,0.0,0.0,6.4,19,4.75,3,0.75,0.0,1.0,0.0,15,8.099352051835853,76,68,139,139,1.0,0.0,1.0,optimism,0x0b2C639c533813f4Aa9D7837CAf62653d097Ff85,USDC,0.0,12,0.0,0.0,18,29,0.13333333333333333,0
4782,240,6.070609425829622,0.0807193642827269,0.000836470096194061,0.11480552070263488,6,0.0012547051442910915,4,0.000836470096194061,5,0.0010455876202425764,8,0.001672940192388122,12,0.002509410288582183,37,0.007737348389795065,25,0.0052279381012128815,122,0.025512337933918862,77,0.016102049351735676,10,0.002091175240485153,7,0.0014638226683396068,37,0.007737348389795065,1.48,0.3869346733668342,0.0,0.0,0.0,0.0,1.0,1.0,1.0,1.0,0.0,0.0,0.0,0.0,0.0,0.0,0.0,4,199,0.04161438728565454,1.6102049351735674,1,8.879186346140928,1260,107,9.860907611864624,1896,88,10.32134448134448,2283,84,15,7,0,2,2,1.0,0,0.0,0.0,17.7,37,5.285714285714286,19,1.0,0.0,1.0,0.0,31,6.482643245503973,143,143,143,205,1.0,0.0,1.0,optimism,0xDA10009cBd5D07dd0CeCc66161FC93D7c9000da1,DAI,0.0,114,0.0,11.271434546214973,62,28,0.20689655172413793,0
16528,256,5.500609598471275,0.12403194578896418,0.17086156824782187,0.17049854791868344,34,0.002057115198451113,2824,0.17086156824782187,26,0.0015730880929332044,42,0.0025411423039690224,10,0.0006050338818973862,75,0.004537754114230397,68,0.004114230396902226,748,0.04525653436592449,190,0.011495643756050338,154,0.009317521781219749,31,0.0018756050338818973,58,0.0035091965150048404,1.1029411764705883,0.2025586353944563,0.0,0.0,0.0,0.0,1.0,1.0,1.0,1.0,1.0,0.0,0.0,0.0,0.0,0.0,0.0,5,938,0.05675217812197483,1.1495643756050338,1,7.960833938838743,2669,2667,9.188567430783333,4591,2523,9.793452822909844,5915,2379,0,10,0,1,519,1.0,0,0.0,0.0,17.4,58,1.8709677419354838,11,0.6470588235294118,0.0,0.0,1.0,47,2.8436592449177156,230,227,210,189,1.0,0.0,1.0,optimism,0x4200000000000000000000000000000000000042,OP,0.0,374,0.0,11.495643756050338,143,198,0.1708542713567839,0
6733,223,5.093954333784593,0.09505421060448536,0.26748848952918464,0.26748848952918464,5,0.0007426110203475419,1801,0.26748848952918464,12,0.0017822664488341008,12,0.0017822664488341008,4,0.0005940888162780336,29,0.0043071439180157435,33,0.004901232734293777,134,0.019901975345314123,99,0.014703698202881331,112,0.01663448685578494,16,0.002376355265112134,29,0.0043071439180157435,0.8787878787878788,0.4248927038626609,0.0,0.0,0.0,0.0,1.0,1.0,1.0,1.0,0.0,0.0,0.0,0.0,0.0,0.0,0.0,4,233,0.03460567354819546,1.470369820288133,1,7.012916080537054,1021,1701,7.818155420323325,1567,1606,8.268282732810228,1898,1511,0,4,0,2,516,1.0,0,0.0,0.0,16.3,29,1.8125,7,1.0,0.0,1.0,0.0,28,4.158621713946236,127,145,119,135,1.0,0.0,1.0,optimism,0x68f180fcCe6836688e9084f035309E29Bf0A2095,WBTC,0.0,35,0.0,5.881479281152532,62,121,0.040983606557377046,0
6271,220,5.615338729046744,0.14096635305373945,0.1506936692712486,0.15037474087067454,11,0.0017541062031573912,945,0.1506936692712486,14,0.002232498804018498,19,0.0030298198054536755,3,0.0004783926008611067,36,0.00574071121033328,28,0.004464997608036996,168,0.026789985648221975,109,0.017381597831286875,23,0.0036676766066018177,8,0.0012757136022962844,40,0.006378568011481423,1.2857142857142858,0.3935018050541516,0.0,0.0,0.0,0.0,1.0,1.0,1.0,1.0,0.0,0.0,0.0,0.0,0.0,0.0,0.0,4,277,0.04417158347950885,1.7381597831286877,2,8.01312117909223,1323,888,8.954127032698317,2111,840,9.414247248527756,2590,792,53,8,0,1,354,1.0,0,0.0,0.0,17.0,40,5.0,11,1.0,0.0,1.0,0.0,34,5.421782809759209,149,158,156,168,1.0,0.0,1.0,optimism,0x350a791Bfc2C21F9Ed5d10980Dad2e2638ffa7f6,LINK,0.0,121,0.0,13.905278265029501,64,37,0.2894736842105263,0
3715,215,5.968466202974606,0.07860026917900403,0.0008075370121130552,0.1098250336473755,1,0.00026917900403768504,3,0.0008075370121130552,1,0.00026917900403768504,9,0.0024226110363391655,9,0.0024226110363391655,9,0.0024226110363391655,27,0.007267833109017497,128,0.034454912516823685,97,0.026110363391655452,11,0.0029609690444145358,13,0.0034993270524899056,68,0.018304172274562585,0.3333333333333333,0.4311111111111111,0.0,0.0,0.0,0.0,1.0,1.0,1.0,0.0,0.0,0.0,0.0,0.0,0.0,0.0,0.0,3,225,0.06056527590847914,2.6110363391655453,1,8.645239188919382,1013,94,9.648744233301105,1569,68,10.171545179480228,1932,49,0,4,0,3,3,1.0,0,0.0,0.0,14.7,68,5.230769230769231,4,1.0,0.0,1.0,0.0,29,7.806191117092867,133,120,142,156,1.0,0.0,1.0,optimism,0x8c6f28f2F1A3C87F0f938b96d27520d9751ec8d9,sUSD,0.0,4,0.0,10.444145356662181,36,21,0.045454545454545456,0
2092,194,6.12091301197633,0.06548757170172084,0.0004780114722753346,0.09225621414913958,4,0.0019120458891013384,1,0.0004780114722753346,6,0.0028680688336520078,12,0.0057361376673040155,2,0.0009560229445506692,17,0.008126195028680689,6,0.0028680688336520078,97,0.046367112810707455,44,0.021032504780114723,5,0.002390057361376673,6,0.0028680688336520078,18,0.008604206500956023,2.8333333333333335,0.3120567375886525,0.0,0.0,0.0,0.0,0.0,0.0,0.0,0.0,0.0,0.0,0.0,0.0,0.0,1.0,0.0,0,141,0.06739961759082218,2.1032504780114722,1,8.73763039643898,801,52,9.69113289038343,1193,41,10.068455083730441,1402,20,3,0,0,0,0,1.0,0,0.0,0.0,5.5,18,3.0,7,0.875,0.0,1.0,0.0,15,7.1701720841300185,87,93,128,115,1.0,0.0,1.0,arbitrum,0x82aF49447D8a07e3bd95BD0d56f35241523fBab1,WETH,0.0,28,0.0,0.0,23,11,0.3333333333333333,0
2141,198,6.179561965760588,0.05791686127977581,0.004203643157403083,0.09528257823446988,7,0.003269500233535731,9,0.004203643157403083,6,0.0028024287716020553,5,0.002335357309668379,2,0.0009341429238673517,20,0.009341429238673517,5,0.002335357309668379,114,0.053246146660439045,43,0.02008407286314806,4,0.0018682858477347033,6,0.0028024287716020553,15,0.007006071929005138,4.0,0.27388535031847133,0.0,0.0,0.0,0.0,0.0,0.0,0.0,0.0,0.0,0.0,0.0,0.0,0.0,1.0,0.0,0,157,0.0733302195235871,2.008407286314806,1,8.830387277809862,886,69,9.800793627097084,1285,43,10.19857224946225,1508,21,0,0,0,0,8,1.0,0,0.0,0.0,4.8,15,2.5,4,1.0,0.0,1.0,0.0,13,6.071929005137786,88,138,113,126,1.0,0.0,1.0,arbitrum,0xFd086bC7CD5C481DCC9C85ebE478A1C0b69FCbb9,USDT,0.0,28,0.0,0.0,25,13,0.5,0
1852,197,5.8833932373815285,0.0847732181425486,0.17494600431965443,0.17386609071274298,5,0.0026997840172786176,324,0.17494600431965443,7,0.003779697624190065,9,0.004859611231101512,7,0.003779697624190065,4,0.0021598272138228943,12,0.0064794816414686825,61,0.032937365010799136,34,0.0183585313174946,17,0.0091792656587473,3,0.0016198704103671706,18,0.009719222462203024,0.3333333333333333,0.35789473684210527,0.0,0.0,0.0,0.0,0.0,0.0,0.0,0.0,0.0,0.0,0.0,0.0,0.0,1.0,0.0,0,95,0.05129589632829374,1.8358531317494602,1,7.891162274320983,719,304,8.55785678234172,971,288,8.854485544404287,1105,272,3,0,0,0,185,1.0,0,0.0,0.0,6.4,18,6.0,2,0.6666666666666666,0.0,1.0,0.0,15,8.099352051835853,76,68,139,140,1.0,0.0,1.0,arbitrum,0xaf88d065e77c8cC2239327C5EDb3A432268e5831,USDC,0.0,10,0.0,0.0,16,29,0.16666666666666666,0
2092,194,6.12091301197633,0.06548757170172084,0.0004780114722753346,0.09225621414913958,4,0.0019120458891013384,1,0.0004780114722753346,6,0.0028680688336520078,12,0.0057361376673040155,2,0.0009560229445506692,17,0.008126195028680689,6,0.0028680688336520078,97,0.046367112810707455,44,0.021032504780114723,5,0.002390057361376673,6,0.0028680688336520078,18,0.008604206500956023,2.8333333333333335,0.3120567375886525,0.0,0.0,0.0,0.0,0.0,0.0,0.0,0.0,0.0,0.0,0.0,0.0,0.0,1.0,0.0,0,141,0.06739961759082218,2.1032504780114722,1,8.73763039643898,801,52,9.69113289038343,1193,41,10.068455083730441,1402,20,3,0,0,0,0,1.0,0,0.0,0.0,5.5,18,3.0,7,0.875,0.0,1.0,0.0,15,7.1701720841300185,87,93,128,115,1.0,0.0,1.0,arbitrum,0xFF970A61A04b1cA14834A43f5dE4533eBDDB5CC8,USDC.e,0.0,28,0.0,0.0,23,11,0.3333333333333333,0
4926,236,6.06708658796805,0.07734470158343483,0.0008120178643930166,0.11246447421843281,2,0.0004060089321965083,4,0.0008120178643930166,5,0.0010150223304912708,6,0.001218026796589525,5,0.0010150223304912708,37,0.007511165245635404,27,0.0054811205846528625,131,0.026593585058871296,85,0.017255379618351604,12,0.00243605359317905,7,0.0014210312626877792,36,0.007308160779537149,1.3703703703703705,0.39351851851851855,0.0,0.0,0.0,0.0,1.0,1.0,1.0,1.0,0.0,0.0,0.0,0.0,0.0,0.0,0.0,4,216,0.0438489646772229,1.7255379618351605,1,8.941943912944998,1295,107,9.951568318932132,1991,88,10.40856725591102,2403,81,0,7,0,2,3,1.0,0,0.0,0.0,17.7,36,5.142857142857143,19,1.0,0.0,1.0,0.0,35,7.105156313438895,150,142,143,200,1.0,0.0,1.0,arbitrum,0xDA10009cBd5D07dd0CeCc66161FC93D7c9000da1,DAI,0.0,38,0.0,12.078765732846124,64,19,0.1,0
2593,192,5.640739063532651,0.13266486694947938,0.15156189741612033,0.15156189741612033,7,0.002699575780948708,393,0.15156189741612033,6,0.0023139220979560356,6,0.0023139220979560356,2,0.0007713073659853452,19,0.007327419976860779,4,0.0015426147319706903,99,0.03817971461627458,48,0.018511376783648285,12,0.004627844195912071,6,0.0023139220979560356,17,0.006556112610875434,4.75,0.32653061224489793,0.0,0.0,0.0,0.0,0.0,0.0,0.0,0.0,0.0,0.0,0.0,0.0,0.0,1.0,0.0,0,147,0.05669109139992287,1.8511376783648283,1,7.808152712064046,859,371,8.621949414806105,1257,351,9.000081677900411,1482,331,0,0,0,0,112,1.0,0,0.0,0.0,5.8,17,2.8333333333333335,2,0.6666666666666666,0.0,1.0,0.0,21,8.098727342846125,90,124,132,117,1.0,0.0,1.0,arbitrum,0x912CE59144191C1204E64559FE8253a0e49E6548,ARB,0.0,14,0.0,0.0,23,21,0.3181818181818182,0
760,131,5.781134033794682,0.07368421052631578,0.007894736842105263,0.09868421052631579,4,0.005263157894736842,6,0.007894736842105263,2,0.002631578947368421,2,0.002631578947368421,2,0.002631578947368421,3,0.003947368421052632,2,0.002631578947368421,28,0.03684210526315789,14,0.018421052631578946,4,0.005263157894736842,3,0.003947368421052632,8,0.010526315789473684,1.5,0.3333333333333333,0.0,0.0,0.0,0.0,0.0,0.0,0.0,0.0,0.0,0.0,0.0,0.0,0.0,1.0,0.0,0,42,0.05526315789473684,1.842105263157895,1,8.177832508360407,430,20,8.99269043691159,588,11,9.282434323583887,658,5,12,0,0,0,1,1.0,0,0.0,0.0,2.0,8,2.6666666666666665,0,0.0,1.0,0.0,0.0,6,6.0,53,51,45,100,1.0,0.0,1.0,arbitrum,0x2f2a2543B76A4166549F7aaB2e75Bef0aefC5B0f,WBTC,0.0,0,0.0,0.0,5,10,0.36363636363636365,0
760,131,5.781134033794682,0.07368421052631578,0.007894736842105263,0.09868421052631579,4,0.005263157894736842,6,0.007894736842105263,2,0.002631578947368421,2,0.002631578947368421,2,0.002631578947368421,3,0.003947368421052632,2,0.002631578947368421,28,0.03684210526315789,14,0.018421052631578946,4,0.005263157894736842,3,0.003947368421052632,8,0.010526315789473684,1.5,0.3333333333333333,0.0,0.0,0.0,0.0,0.0,0.0,0.0,0.0,0.0,0.0,0.0,0.0,0.0,1.0,0.0,0,42,0.05526315789473684,1.842105263157895,1,8.177832508360407,430,20,8.99269043691159,588,11,9.282434323583887,658,5,12,0,0,0,1,1.0,0,0.0,0.0,2.0,8,2.6666666666666665,0,0.0,1.0,0.0,0.0,6,6.0,53,51,45,100,1.0,0.0,1.0,arbitrum,0xf97f4df75117a78c1A5a0DBb814Af92458539FB4,LINK,0.0,0,0.0,0.0,5,10,0.36363636363636365,0
15993,256,5.531741545659372,0.17688988932658037,0.15575564309385356,0.16063277683986743,61,0.0038141686988057274,2491,0.15575564309385356,27,0.0016882386043894203,49,0.0030638404301882075,16,0.001000437691490027,86,0.005377352591758895,140,0.008753829800537734,460,0.028762583630338272,290,0.018132933158256738,92,0.005752516726067655,30,0.0018758206715438004,56,0.0035015319202150942,0.6142857142857143,0.38666666666666666,0.0,0.0,0.0,0.0,1.0,1.0,1.0,0.0,1.0,0.0,0.0,0.0,0.0,0.0,0.0,4,750,0.04689551678859501,1.8132933158256737,2,7.999086735372313,2717,2336,9.041297116648344,4616,2217,9.587560158806275,5869,2098,39,8,0,1,1103,1.0,0,0.0,0.0,18.1,56,1.8666666666666667,23,0.6764705882352942,0.0,0.0,1.0,87,5.439879947477021,236,197,211,207,1.0,0.0,1.0,arbitrum,0x17FC002b466eEc40DaE837Fc4bE5c67993ddBd6F,FRAX,0.0,1403,0.0,14.50634652660539,226,169,0.3588235294117647,0
3000,195,4.782722530075078,0.07433333333333333,0.313,0.313,3,0.001,939,0.313,1,0.0003333333333333333,10,0.0033333333333333335,0,0.0,15,0.005,12,0.004,53,0.017666666666666667,45,0.015,52,0.017333333333333333,12,0.004,18,0.006,1.25,0.45918367346938777,0.0,0.0,0.0,0.0,1.0,1.0,1.0,0.0,0.0,0.0,0.0,0.0,0.0,0.0,0.0,3,98,0.03266666666666666,1.5,1,6.416985023787365,621,889,7.097740149918757,862,842,7.48491807655612,1015,795,0,8,0,1,442,1.0,0,0.0,0.0,9.9,18,1.5,8,1.0,0.0,1.0,0.0,17,5.666666666666667,104,85,66,125,1.0,1.0,1.0,polygon,0x0d500B1d8E8eF31E21C99d1Db9A6444d3ADf1270,WMATIC,0.0,24,0.0,12.0,27,55,0.05357142857142857,0
2949,185,5.269912841825526,0.14784672770430654,0.17633095964733808,0.17633095964733808,17,0.005764665988470668,520,0.17633095964733808,2,0.0006781959986436081,19,0.006442861987114276,1,0.00033909799932180403,15,0.00508646998982706,10,0.00339097999321804,59,0.020006781959986435,47,0.01593760596812479,33,0.011190233977619531,6,0.002034587995930824,23,0.007799253984401492,1.5,0.44339622641509435,0.0,0.0,0.0,0.0,0.0,0.0,0.0,0.0,0.0,0.0,0.0,0.0,0.0,1.0,0.0,0,106,0.03594438792811122,1.5937605968124788,1,7.165060221912033,680,494,7.970655978776999,1019,468,8.391042550693843,1221,442,29,0,0,0,213,1.0,0,0.0,0.0,4.2,23,3.8333333333333335,3,1.0,0.0,1.0,0.0,10,3.39097999321804,88,96,78,112,1.0,0.0,1.0,polygon,0xc2132D05D31c914a87C6611C10748AEb04B58e8F,USDT,0.0,51,0.0,0.0,25,51,0.3269230769230769,0
2037,202,6.23709529661869,0.0662739322533137,0.0,0.09916543937162493,15,0.007363770250368188,0,0.0,5,0.002454590083456063,16,0.007854688267059401,7,0.003436426116838488,21,0.010309278350515464,7,0.003436426116838488,64,0.031418753068237604,41,0.020127638684339717,6,0.0029455081001472753,11,0.005400098183603338,27,0.013254786450662739,3.0,0.3904761904761905,0.0,0.0,0.0,0.0,0.0,0.0,0.0,0.0,0.0,0.0,0.0,0.0,0.0,1.0,0.0,0,105,0.05154639175257732,2.0127638684339715,1,8.69858551817147,746,38,9.551836514145778,1077,30,9.9128773751576,1258,15,21,0,0,0,0,0.0,0,0.0,0.0,7.3,27,2.4545454545454546,6,0.8571428571428571,0.0,1.0,0.0,11,5.400098183603339,92,121,123,150,1.0,0.0,1.0,polygon,0x2791Bca1f2de4661ED88A30C99A7a9449Aa84174,USDC.e,0.0,90,0.0,0.0,28,28,0.5172413793103449,0
1852,200,5.894074033100615,0.0847732181425486,0.17494600431965443,0.17332613390928725,4,0.0021598272138228943,324,0.17494600431965443,9,0.004859611231101512,10,0.005399568034557235,7,0.003779697624190065,4,0.0021598272138228943,12,0.0064794816414686825,60,0.032397408207343416,34,0.0183585313174946,19,0.010259179265658747,3,0.0016198704103671706,18,0.009719222462203024,0.3333333333333333,0.3617021276595745,0.0,0.0,0.0,0.0,0.0,0.0,0.0,0.0,0.0,0.0,0.0,0.0,0.0,1.0,0.0,0,94,0.05075593952483801,1.8358531317494602,1,7.89008177729235,718,304,8.55785678234172,971,288,8.854485544404287,1105,272,3,0,0,0,184,1.0,0,0.0,0.0,6.4,18,6.0,2,0.6666666666666666,0.0,1.0,0.0,15,8.099352051835853,76,68,139,144,1.0,0.0,1.0,polygon,0x3c499c542cEF5E3811e1192ce70d8cC03d5c3359,USDC,0.0,8,0.0,0.0,16,30,0.12903225806451613,0
2949,185,5.269912841825526,0.14784672770430654,0.17633095964733808,0.17633095964733808,17,0.005764665988470668,520,0.17633095964733808,2,0.0006781959986436081,19,0.006442861987114276,1,0.00033909799932180403,15,0.00508646998982706,10,0.00339097999321804,59,0.020006781959986435,47,0.01593760596812479,33,0.011190233977619531,6,0.002034587995930824,23,0.007799253984401492,1.5,0.44339622641509435,0.0,0.0,0.0,0.0,0.0,0.0,0.0,0.0,0.0,0.0,0.0,0.0,0.0,1.0,0.0,0,106,0.03594438792811122,1.5937605968124788,1,7.165060221912033,680,494,7.970655978776999,1019,468,8.391042550693843,1221,442,29,0,0,0,213,1.0,0,0.0,0.0,4.2,23,3.8333333333333335,3,1.0,0.0,1.0,0.0,10,3.39097999321804,88,96,78,112,1.0,0.0,1.0,polygon,0x8f3Cf7ad23Cd3CaDbD9735AFf958023239c6A063,DAI,0.0,51,0.0,0.0,25,51,0.3269230769230769,0
12443,248,5.333905337383434,0.10953950012054971,0.18371775295346782,0.1835570200112513,11,0.00088403118219079,2286,0.18371775295346782,22,0.00176806236438158,36,0.002893192959897131,5,0.00040183235554126816,58,0.004661255324278711,64,0.005143454150928233,311,0.024993972514666882,219,0.017600257172707547,159,0.012778268906212328,35,0.0028128264887888775,81,0.006509684159768545,0.90625,0.41320754716981134,0.0,0.0,0.0,0.0,1.0,1.0,1.0,0.0,0.0,0.0,0.0,0.0,0.0,0.0,0.0,3,530,0.042594229687374426,1.7600257172707545,2,7.6709174291176305,1715,2151,8.773379349777349,2948,2026,9.368922820044597,3789,1901,22,10,0,1,662,1.0,0,0.0,0.0,17.7,81,2.3142857142857145,17,1.0,0.0,0.0,1.0,51,4.098690026520935,185,156,162,194,1.0,0.0,1.0,polygon,0x7ceB23fD6bC0adD59E62ac25578270cFf1b9f619,WETH,0.0,187,0.0,17.600257172707543,122,175,0.0625,0
2949,185,5.269912841825526,0.14784672770430654,0.17633095964733808,0.17633095964733808,17,0.005764665988470668,520,0.17633095964733808,2,0.0006781959986436081,19,0.006442861987114276,1,0.00033909799932180403,15,0.00508646998982706,10,0.00339097999321804,59,0.020006781959986435,47,0.01593760596812479,33,0.011190233977619531,6,0.002034587995930824,23,0.007799253984401492,1.5,0.44339622641509435,0.0,0.0,0.0,0.0,0.0,0.0,0.0,0.0,0.0,0.0,0.0,0.0,0.0,1.0,0.0,0,106,0.03594438792811122,1.5937605968124788,1,7.165060221912033,680,494,7.970655978776999,1019,468,8.391042550693843,1221,442,29,0,0,0,213,1.0,0,0.0,0.0,4.2,23,3.8333333333333335,3,1.0,0.0,1.0,0.0,10,3.39097999321804,88,96,78,112,1.0,0.0,1.0,polygon,0x1bfd67037b42cf73acF2047067bd4F2C47D9BfD6,WBTC,0.0,51,0.0,0.0,25,51,0.3269230769230769,0
12443,246,5.3332225657962855,0.10953950012054971,0.18371775295346782,0.1835570200112513,12,0.0009643976532990436,2286,0.18371775295346782,21,0.0016876958932733263,36,0.002893192959897131,5,0.00040183235554126816,59,0.004741621795386964,63,0.005063087679819979,310,0.024913606043558627,220,0.0176806236438158,160,0.012858635377320581,35,0.0028128264887888775,82,0.006590050630876798,0.9365079365079365,0.41509433962264153,0.0,0.0,0.0,0.0,1.0,1.0,1.0,0.0,0.0,0.0,0.0,0.0,0.0,0.0,0.0,3,530,0.042594229687374426,1.7680623643815798,2,7.671360265880556,1717,2151,8.773379349777349,2948,2026,9.368922820044597,3789,1901,22,10,0,1,662,1.0,0,0.0,0.0,17.7,82,2.342857142857143,17,1.0,0.0,0.0,1.0,52,4.1790564976291895,185,156,162,196,1.0,0.0,1.0,polygon,0x53E0bca35eC356BD5ddDFebbD1Fc0fD03FaBad39,LINK,0.0,204,0.0,17.6806236438158,122,177,0.06741573033707865,0
2949,185,5.273306091724325,0.14750762970498474,0.17633095964733808,0.17633095964733808,18,0.006103763987792472,520,0.17633095964733808,2,0.0006781959986436081,18,0.006103763987792472,1,0.00033909799932180403,15,0.00508646998982706,10,0.00339097999321804,59,0.020006781959986435,47,0.01593760596812479,33,0.011190233977619531,5,0.00169548999660902,22,0.007460155985079688,1.5,0.44339622641509435,0.0,0.0,0.0,0.0,0.0,0.0,0.0,0.0,0.0,0.0,0.0,0.0,0.0,1.0,0.0,0,106,0.03594438792811122,1.5937605968124788,1,7.165316289585765,680,494,7.970655978776999,1019,468,8.391042550693843,1221,442,29,0,0,0,213,1.0,0,0.0,0.0,4.2,22,4.4,3,1.0,0.0,1.0,0.0,9,3.0518819938962363,88,96,78,116,1.0,0.0,1.0,polygon,0xD6DF932A45C0f255f85145f286eA0b292B21C90B,AAVE,0.0,54,0.0,0.0,25,52,0.33962264150943394,0
2949,185,5.273306091724325,0.14750762970498474,0.17633095964733808,0.17633095964733808,18,0.006103763987792472,520,0.17633095964733808,2,0.0006781959986436081,18,0.006103763987792472,1,0.00033909799932180403,15,0.00508646998982706,10,0.00339097999321804,59,0.020006781959986435,47,0.01593760596812479,33,0.011190233977619531,5,0.00169548999660902,22,0.007460155985079688,1.5,0.44339622641509435,0.0,0.0,0.0,0.0,0.0,0.0,0.0,0.0,0.0,0.0,0.0,0.0,0.0,1.0,0.0,0,106,0.03594438792811122,1.5937605968124788,1,7.165316289585765,680,494,7.970655978776999,1019,468,8.391042550693843,1221,442,29,0,0,0,213,1.0,0,0.0,0.0,4.2,22,4.4,3,1.0,0.0,1.0,0.0,9,3.0518819938962363,88,96,78,116,1.0,0.0,1.0,polygon,0x1379e8886a944d2d9d440b3d88df536aea08d9f3,PolyBunny,0.0,54,0.0,0.0,25,52,0.33962264150943394,1
2041,190,5.63137282574212,0.05732484076433121,0.16609505144536993,0.16609505144536993,3,0.0014698677119059284,339,0.16609505144536993,1,0.0004899559039686428,6,0.002939735423811857,0,0.0,13,0.006369426751592357,18,0.008819206271435572,64,0.03135717785399314,47,0.023027927486526212,10,0.004899559039686428,5,0.002449779519843214,24,0.011758941695247428,0.7222222222222222,0.42342342342342343,0.0,0.0,0.0,0.0,1.0,1.0,1.0,0.0,0.0,0.0,0.0,0.0,0.0,0.0,0.0,3,111,0.05438510534051935,2.3027927486526214,2,7.848292391989379,712,321,8.676914947857636,1028,306,9.059664408862366,1204,291,0,3,0,1,194,1.0,0,0.0,0.0,12.0,24,4.8,6,1.0,0.0,1.0,0.0,14,6.859382655560999,101,78,72,134,1.0,0.0,1.0,base,0x4200000000000000000000000000000000000006,WETH,0.0,18,0.0,6.908378245957865,31,13,0.21428571428571427,0
5835,229,5.3432255335755805,0.236675235646958,0.11893744644387318,0.2234790059982862,18,0.003084832904884319,694,0.11893744644387318,16,0.0027420736932305054,16,0.0027420736932305054,3,0.0005141388174807198,38,0.006512425021422451,29,0.004970008568980291,167,0.0286203941730934,94,0.01610968294772922,17,0.002913453299057412,5,0.000856898029134533,32,0.005484147386461011,1.3103448275862069,0.36015325670498083,0.0,0.0,0.0,0.0,1.0,1.0,1.0,1.0,0.0,0.0,0.0,0.0,0.0,0.0,0.0,4,261,0.04473007712082262,1.610968294772922,1,7.4556764683265095,1242,1178,8.354715358187288,1991,1128,8.806382386166682,2452,1078,0,9,0,2,124,1.0,0,0.0,0.0,17.0,32,6.4,7,0.875,0.0,1.0,0.0,32,5.484147386461011,160,154,131,145,1.0,0.0,1.0,base,0x50c5725949A6F0c72E6C4a641F24049A917DB0Cb,DAI,0.0,126,0.0,14.498714652956298,67,38,0.46153846153846156,0
2096,187,5.951366102201852,0.07585877862595419,0.1717557251908397,0.1717557251908397,4,0.0019083969465648854,360,0.1717557251908397,3,0.0014312977099236641,5,0.002385496183206107,2,0.0009541984732824427,14,0.006679389312977099,10,0.004770992366412214,82,0.039122137404580155,41,0.019561068702290078,14,0.006679389312977099,6,0.0028625954198473282,15,0.00715648854961832,1.4,0.3333333333333333,0.0,0.0,0.0,0.0,0.0,0.0,0.0,0.0,0.0,0.0,0.0,0.0,0.0,1.0,0.0,0,123,0.05868320610687023,1.9561068702290076,1,7.8224928278216,697,341,8.456775764439287,962,323,8.754108556435465,1109,305,0,0,0,0,113,1.0,0,0.0,0.0,6.0,15,2.5,3,1.0,0.0,1.0,0.0,12,5.7251908396946565,115,99,103,134,1.0,0.0,1.0,base,0xd9aAEc86B65D86f6A7B5B1b0c42FFA531710b6CA,USDbC,0.0,12,0.0,0.0,24,20,0.19047619047619047,0
1852,198,5.883895669725212,0.0847732181425486,0.1744060475161987,0.17332613390928725,4,0.0021598272138228943,323,0.1744060475161987,7,0.003779697624190065,9,0.004859611231101512,7,0.003779697624190065,5,0.0026997840172786176,12,0.0064794816414686825,60,0.032397408207343416,34,0.0183585313174946,17,0.0091792656587473,5,0.0026997840172786176,18,0.009719222462203024,0.4166666666666667,0.3617021276595745,0.0,0.0,0.0,0.0,0.0,0.0,0.0,0.0,0.0,0.0,0.0,0.0,0.0,1.0,0.0,0,94,0.05075593952483801,1.8358531317494602,1,7.891162274320983,719,304,8.55785678234172,971,288,8.854485544404287,1105,272,3,0,0,0,184,1.0,0,0.0,0.0,6.4,18,3.6,3,0.75,0.0,1.0,0.0,15,8.099352051835853,76,68,139,141,1.0,0.0,1.0,base,0x833589fCD6eDb6E08f4c7C32D4f71b54bdA02913,USDC,0.0,12,0.0,0.0,17,28,0.13793103448275862,0
9675,241,5.468414165096776,0.10573643410852714,0.21891472868217055,0.21839793281653747,10,0.0010335917312661498,2118,0.21891472868217055,18,0.0018604651162790699,28,0.0028940568475452197,1,0.00010335917312661498,53,0.005478036175710594,66,0.006821705426356589,249,0.02573643410852713,174,0.017984496124031007,48,0.00496124031007752,17,0.0017571059431524547,56,0.005788113695090439,0.803030303030303,0.41134751773049644,0.0,0.0,0.0,0.0,1.0,1.0,1.0,1.0,1.0,0.0,0.0,0.0,0.0,0.0,0.0,5,423,0.04372093023255814,1.7984496124031009,2,7.89147276283976,1700,1987,8.92828852433467,2956,1868,9.44437284354619,3714,1749,13,10,0,1,958,1.0,0,0.0,0.0,19.7,56,3.2941176470588234,14,0.875,0.0,1.0,0.0,44,4.547803617571059,185,170,175,196,1.0,0.0,1.0,base,0x78a087d713Be963Bf307b18F2Ff8122EF9A63ae9,BSWAP,0.0,140,0.0,17.984496124031008,119,59,0.16666666666666666,0
2096,187,5.951366102201852,0.07585877862595419,0.1717557251908397,0.1717557251908397,4,0.0019083969465648854,360,0.1717557251908397,3,0.0014312977099236641,5,0.002385496183206107,2,0.0009541984732824427,14,0.006679389312977099,10,0.004770992366412214,82,0.039122137404580155,41,0.019561068702290078,14,0.006679389312977099,6,0.0028625954198473282,15,0.00715648854961832,1.4,0.3333333333333333,0.0,0.0,0.0,0.0,0.0,0.0,0.0,0.0,0.0,0.0,0.0,0.0,0.0,1.0,0.0,0,123,0.05868320610687023,1.9561068702290076,1,7.8224928278216,697,341,8.456775764439287,962,323,8.754108556435465,1109,305,0,0,0,0,113,1.0,0,0.0,0.0,6.0,15,2.5,3,1.0,0.0,1.0,0.0,12,5.7251908396946565,115,99,103,134,1.0,0.0,1.0,base,0x2Ae3F1Ec7F1F5012CFEab0185bfc7aa3cf0DEc22,cbETH,0.0,12,0.0,0.0,24,20,0.19047619047619047,0
3296,212,5.528288152190944,0.17445388349514562,0.15625,0.16686893203883496,8,0.0024271844660194173,515,0.15625,4,0.0012135922330097086,10,0.003033980582524272,4,0.0012135922330097086,18,0.0054611650485436895,3,0.0009101941747572816,108,0.032766990291262135,54,0.016383495145631068,11,0.003337378640776699,5,0.001516990291262136,34,0.010315533980582525,6.0,0.3333333333333333,0.0,0.0,0.0,0.0,0.0,0.0,0.0,0.0,0.0,0.0,0.0,0.0,0.0,1.0,0.0,0,162,0.0491504854368932,1.6383495145631068,1,7.536025264165943,944,488,8.309518760994964,1373,462,8.684001643628951,1618,436,0,0,0,0,119,1.0,0,0.0,0.0,7.9,34,6.8,2,0.6666666666666666,0.0,1.0,0.0,23,6.978155339805825,107,141,129,138,1.0,0.0,1.0,base,0xc1CBa3fCea344f92D9239c08C0568f6F2F0ee452,wstETH,0.0,16,0.0,0.0,21,23,0.3333333333333333,0
10398,254,6.202796458673748,0.057511059819196,0.0013464127716868628,0.10453933448740142,26,0.002500480861704174,14,0.0013464127716868628,22,0.0021157914983650702,36,0.003462204270051933,8,0.0007693787266782073,93,0.00894402769763416,53,0.0050971340642431235,472,0.04539334487401423,229,0.022023466051163686,26,0.002500480861704174,14,0.0013464127716868628,93,0.00894402769763416,1.7547169811320755,0.32667617689015693,0.0,0.0,0.0,0.0,0.0,0.0,0.0,0.0,0.0,0.0,0.0,0.0,0.0,1.0,0.0,0,701,0.06741681092517791,2.2023466051163685,2,9.499656851972937,2513,287,10.967699095854181,4446,124,11.658533886545735,5783,77,43,0,0,0,3,1.0,0,0.0,0.0,16.6,93,6.642857142857143,21,0.7777777777777778,0.0,0.0,1.0,61,5.866512790921331,223,219,205,189,1.0,0.0,1.0,base,0xba5e05cb26b78eda3a2f8e3b3814726305dcac83,BALD,0.0,546,0.0,0.0,146,60,0.4262295081967213,1
11608,255,5.496004682291531,0.15084424534803584,0.17875603032391454,0.1780668504479669,28,0.002412129565816678,2075,0.17875603032391454,9,0.0007753273604410751,55,0.004738111647139904,14,0.001206064782908339,66,0.005685733976567884,65,0.005599586492074432,400,0.03445899379738112,176,0.015161957270847692,58,0.0049965541006202615,12,0.0010337698139214334,64,0.005513439007580979,1.0153846153846153,0.3055555555555556,0.0,0.0,0.0,0.0,1.0,1.0,1.0,0.0,1.0,0.0,1.0,1.0,0.0,0.0,0.0,4,576,0.04962095106822881,1.5161957270847692,1,8.021604388644642,2381,1940,9.23470281365059,4087,1827,9.85543256745686,5257,1714,2,8,0,1,552,1.0,0,0.0,1.0,17.0,64,5.333333333333333,18,0.9,0.0,0.0,1.0,48,4.135079255685734,220,217,183,178,1.0,0.0,1.0,base,0x4ed4e862860bed51a9570b96d89af5e1b0efefed,DEGEN,0.0,504,0.0,12.129565816678154,131,100,0.27722772277227725,1
23271,256,5.580794124128728,0.11434833054015728,0.1594258948906364,0.15933995101198917,39,0.0016759056336212454,3710,0.1594258948906364,24,0.00103132654376692,52,0.0022345408448283272,32,0.0013751020583558937,158,0.006789566413132225,162,0.0069614541704267115,1028,0.044175153624683085,336,0.014438571612736883,249,0.010700012891581796,49,0.0021056250268574623,134,0.005758239869365305,0.9753086419753086,0.24633431085043989,0.0,0.0,0.0,0.0,1.0,1.0,1.0,0.0,1.0,0.0,0.0,0.0,0.0,0.0,0.0,4,1364,0.058613725237419964,1.4438571612736881,2,8.259154483820854,3368,3459,9.525393715916456,5990,3258,10.179407133440188,7794,3057,37,10,0,3,1068,1.0,0,0.0,0.0,19.4,134,2.7346938775510203,52,0.7323943661971831,0.0,0.0,1.0,81,3.4807270852133554,246,211,229,219,1.0,0.0,1.0,base,0x532f27101965dd16442e59d40670faf5ebb142e4,BRETT_FAKE,0.0,2028,0.0,14.438571612736881,320,320,0.12149532710280374,1
7022,250,5.602494832572624,0.109512959270863,0.1348618627171746,0.1332953574480205,11,0.0015665052691540872,947,0.1348618627171746,18,0.002563372258615779,37,0.005269154087154657,7,0.0009968669894616917,37,0.005269154087154657,30,0.004272287097692965,334,0.04756479635431501,90,0.012816861293078895,63,0.008971802905155226,19,0.0027057818285388777,34,0.00484192537738536,1.2333333333333334,0.21226415094339623,0.0,0.0,0.0,0.0,1.0,1.0,1.0,0.0,0.0,0.0,0.0,0.0,0.0,0.0,0.0,3,424,0.06038165764739391,1.2816861293078896,1,8.024860673546108,1605,882,9.220962561283546,2619,833,9.780256112316707,3302,784,21,5,0,2,214,1.0,0,0.0,0.0,12.0,34,1.7894736842105263,7,1.0,0.0,1.0,0.0,23,3.275420108231273,160,161,180,168,1.0,0.0,1.0,base,0x9a26f5433671751c3276a065f57e5a02d2817973,BASEDOGE,0.0,77,0.0,6.408430646539448,67,81,0.13414634146341464,1
3124,189,4.786437804244387,0.07458386683738796,0.30089628681177977,0.30089628681177977,1,0.0003201024327784891,940,0.30089628681177977,2,0.0006402048655569782,8,0.002560819462227913,0,0.0,14,0.004481434058898848,23,0.00736235595390525,58,0.01856594110115237,51,0.016325224071702945,58,0.01856594110115237,11,0.0035211267605633804,17,0.005441741357234315,0.6086956521739131,0.46788990825688076,0.0,0.0,0.0,0.0,1.0,1.0,1.0,0.0,0.0,0.0,0.0,0.0,0.0,0.0,0.0,3,109,0.034891165172855315,1.6325224071702946,1,6.540793956260669,624,889,7.307382754658226,918,842,7.715182417089822,1090,795,0,8,0,1,461,1.0,0,0.0,0.0,10.0,17,1.5454545454545454,6,1.0,0.0,1.0,0.0,15,4.801536491677337,106,75,67,119,1.0,1.0,0.0,bsc,0xbb4CdB9CBd36B01bD1cBaEBF2De08d9173bc095c,WBNB,0.0,6,0.0,13.060179257362357,37,59,0.016666666666666666,0
4413,226,6.05479907027513,0.06911398141853614,0.009290731928393383,0.1055970994788126,6,0.0013596193065941536,41,0.009290731928393383,16,0.0036256514842510764,12,0.002719238613188307,1,0.00022660321776569228,24,0.005438477226376614,39,0.008837525492861998,142,0.0321776569227283,100,0.022660321776569226,14,0.0031724450487196918,7,0.0015862225243598459,31,0.0070246997507364605,0.6153846153846154,0.4132231404958678,0.0,0.0,0.0,0.0,1.0,1.0,1.0,0.0,1.0,0.0,0.0,0.0,0.0,0.0,0.0,4,242,0.05483797869929753,2.2660321776569226,2,8.896987115874094,1058,103,9.972029358154332,1692,92,10.474861433356756,2100,40,0,4,0,1,6,1.0,0,0.0,0.0,17.5,31,4.428571428571429,9,1.0,0.0,1.0,0.0,30,6.798096532970768,142,117,138,157,1.0,0.0,1.0,bsc,0x55d398326f99059fF775485246999027B3197955,USDT,0.0,54,0.0,9.06412871062769,63,21,0.2727272727272727,0
1596,191,6.192637505179892,0.07017543859649122,0.0006265664160401002,0.08959899749373433,4,0.002506265664160401,1,0.0006265664160401002,4,0.002506265664160401,3,0.0018796992481203006,2,0.0012531328320802004,16,0.010025062656641603,5,0.003132832080200501,76,0.047619047619047616,37,0.023182957393483708,3,0.0018796992481203006,5,0.003132832080200501,16,0.010025062656641603,3.2,0.3274336283185841,0.0,0.0,0.0,0.0,0.0,0.0,0.0,0.0,0.0,0.0,0.0,0.0,0.0,1.0,0.0,0,113,0.07080200501253132,2.318295739348371,1,8.545576986276508,674,42,9.347807341852585,934,40,9.675509300833616,1073,20,3,0,0,0,0,1.0,0,0.0,0.0,6.5,16,3.2,7,0.875,0.0,1.0,0.0,12,7.518796992481203,74,69,130,132,1.0,0.0,1.0,bsc,0x8AC76a51cc950d9822D68b83fE1Ad97B32Cd580d,USDC,0.0,28,0.0,0.0,21,9,0.4,0
4413,223,6.048514339516346,0.06911398141853614,0.009064128710627692,0.1055970994788126,6,0.0013596193065941536,40,0.009064128710627692,17,0.0038522547020167688,12,0.002719238613188307,1,0.00022660321776569228,24,0.005438477226376614,39,0.008837525492861998,142,0.0321776569227283,99,0.022433718558803536,14,0.0031724450487196918,8,0.0018128257421255382,31,0.0070246997507364605,0.6153846153846154,0.4107883817427386,0.0,0.0,0.0,0.0,1.0,1.0,1.0,0.0,1.0,0.0,0.0,0.0,0.0,0.0,0.0,4,241,0.05461137548153184,2.2433718558803535,2,8.897440425030938,1059,103,9.972029358154332,1692,92,10.474861433356756,2100,40,0,4,0,1,5,1.0,0,0.0,0.0,17.5,31,3.875,9,1.0,0.0,1.0,0.0,30,6.798096532970768,142,117,138,151,1.0,0.0,1.0,bsc,0xe9e7CEA3DedcA5984780Bafc599bD69ADd087D56,BUSD,0.0,54,0.0,8.973487423521414,63,21,0.2727272727272727,0
4413,222,6.045519838150911,0.06911398141853614,0.009064128710627692,0.10582370269657829,6,0.0013596193065941536,40,0.009064128710627692,16,0.0036256514842510764,12,0.002719238613188307,1,0.00022660321776569228,25,0.0056650804441423066,39,0.008837525492861998,143,0.032404260140493996,99,0.022433718558803536,15,0.003399048266485384,6,0.0013596193065941536,31,0.0070246997507364605,0.6410256410256411,0.4090909090909091,0.0,0.0,0.0,0.0,1.0,1.0,1.0,0.0,1.0,0.0,0.0,0.0,0.0,0.0,0.0,4,242,0.05483797869929753,2.2433718558803535,2,8.896501687621583,1058,103,9.972029358154332,1692,92,10.474861433356756,2100,40,0,4,0,1,5,1.0,0,0.0,0.0,17.5,31,5.166666666666667,9,1.0,0.0,1.0,0.0,30,6.798096532970768,142,117,138,149,1.0,0.0,1.0,bsc,0x2170Ed0880ac9A755fd29B2688956BD959F933F8,ETH,0.0,54,0.0,8.973487423521414,64,22,0.2608695652173913,0
4413,219,6.0472537837965055,0.06911398141853614,0.009064128710627692,0.1055970994788126,7,0.0015862225243598459,40,0.009064128710627692,16,0.0036256514842510764,12,0.002719238613188307,1,0.00022660321776569228,24,0.005438477226376614,39,0.008837525492861998,142,0.0321776569227283,99,0.022433718558803536,14,0.0031724450487196918,6,0.0013596193065941536,31,0.0070246997507364605,0.6153846153846154,0.4107883817427386,0.0,0.0,0.0,0.0,1.0,1.0,1.0,0.0,1.0,0.0,0.0,0.0,0.0,0.0,0.0,4,241,0.05461137548153184,2.2433718558803535,2,8.897440425030938,1059,103,9.972029358154332,1692,92,10.474861433356756,2100,40,0,4,0,1,5,1.0,0,0.0,0.0,17.5,31,5.166666666666667,9,1.0,0.0,1.0,0.0,30,6.798096532970768,142,117,138,146,1.0,0.0,1.0,bsc,0x7130d2A12B9BCbFAe4f2634d864A1Ee1Ce3Ead9c,BTCB,0.0,63,0.0,8.973487423521414,63,22,0.30434782608695654,0
7285,244,6.06325640465312,0.0781056966369252,0.03225806451612903,0.1032258064516129,9,0.0012354152367879203,235,0.03225806451612903,17,0.0023335621139327386,13,0.0017844886753603294,2,0.0002745367192862045,43,0.005902539464653397,79,0.01084420041180508,226,0.031022649279341112,148,0.020315717227179134,25,0.0034317089910775567,9,0.0012354152367879203,49,0.006726149622512011,0.5443037974683544,0.39572192513368987,0.0,0.0,0.0,0.0,1.0,1.0,1.0,1.0,0.0,0.0,0.0,0.0,0.0,0.0,0.0,4,374,0.051338366506520246,2.0315717227179135,1,9.088335002328634,1621,195,10.330716720869654,2809,164,10.900079942499685,3521,133,0,8,0,1,122,1.0,0,0.0,0.0,18.2,49,5.444444444444445,13,0.9285714285714286,0.0,1.0,0.0,39,5.353466026080988,178,158,169,177,1.0,0.0,1.0,bsc,0x0E09FaBB73Bd3Ade0a17ECC321fD13a19e81cE82,CAKE,0.0,117,0.0,16.25257378174331,122,36,0.24324324324324326,0
1596,191,6.192637505179892,0.07017543859649122,0.0006265664160401002,0.08959899749373433,4,0.002506265664160401,1,0.0006265664160401002,4,0.002506265664160401,3,0.0018796992481203006,2,0.0012531328320802004,16,0.010025062656641603,5,0.003132832080200501,76,0.047619047619047616,37,0.023182957393483708,3,0.0018796992481203006,5,0.003132832080200501,16,0.010025062656641603,3.2,0.3274336283185841,0.0,0.0,0.0,0.0,0.0,0.0,0.0,0.0,0.0,0.0,0.0,0.0,0.0,1.0,0.0,0,113,0.07080200501253132,2.318295739348371,1,8.545576986276508,674,42,9.347807341852585,934,40,9.675509300833616,1073,20,3,0,0,0,0,1.0,0,0.0,0.0,6.5,16,3.2,7,0.875,0.0,1.0,0.0,12,7.518796992481203,74,69,130,132,1.0,0.0,1.0,bsc,0xBf5140A22578168FD562DCcF235E5D43A02ce9B1,UNI,0.0,28,0.0,0.0,21,9,0.4,0
4413,221,6.043923582816517,0.06934058463630184,0.009064128710627692,0.1055970994788126,6,0.0013596193065941536,40,0.009064128710627692,16,0.0036256514842510764,12,0.002719238613188307,1,0.00022660321776569228,24,0.005438477226376614,39,0.008837525492861998,142,0.0321776569227283,99,0.022433718558803536,14,0.0031724450487196918,6,0.0013596193065941536,31,0.0070246997507364605,0.6153846153846154,0.4107883817427386,0.0,0.0,0.0,0.0,1.0,1.0,1.0,0.0,1.0,0.0,0.0,0.0,0.0,0.0,0.0,4,241,0.05461137548153184,2.2433718558803535,2,8.89653380671725,1057,103,9.972029358154332,1692,92,10.474861433356756,2100,40,0,4,0,1,5,1.0,0,0.0,0.0,17.5,31,5.166666666666667,9,1.0,0.0,1.0,0.0,31,7.02469975073646,142,117,138,148,1.0,0.0,1.0,bsc,0x1AF3F329e8BE154074D8769D1FFa4eE058B1DBc3,DAI,0.0,54,0.0,8.973487423521414,63,21,0.2727272727272727,0
735,162,6.309560407240793,0.08435374149659863,0.0013605442176870747,0.07210884353741497,1,0.0013605442176870747,1,0.0013605442176870747,2,0.0027210884353741495,2,0.0027210884353741495,1,0.0013605442176870747,4,0.005442176870748299,2,0.0027210884353741495,33,0.044897959183673466,11,0.014965986394557823,0,0.0,3,0.004081632653061225,6,0.00816326530612245,2.0,0.25,0.0,0.0,0.0,0.0,0.0,0.0,0.0,0.0,0.0,0.0,0.0,0.0,0.0,1.0,0.0,0,44,0.05986394557823129,1.4965986394557824,1,8.253323169332605,423,26,8.828828474182513,527,12,9.055408918875619,583,6,3,0,0,0,0,1.0,0,0.0,0.0,1.8,6,2.0,2,1.0,1.0,0.0,0.0,10,10.0,53,89,98,86,1.0,0.0,1.0,bsc,0x87230146e138d3f296a9a77e497a2a83012e9bc5,SQUID,0.0,2,0.0,0.0,6,2,0.3333333333333333,1
9875,245,5.491268453529689,0.1131139240506329,0.1789367088607595,0.17853164556962026,5,0.0005063291139240507,1767,0.1789367088607595,24,0.002430379746835443,21,0.0021265822784810127,0,0.0,51,0.005164556962025317,57,0.005772151898734177,255,0.025822784810126582,184,0.018632911392405062,117,0.011848101265822785,29,0.0029367088607594937,47,0.004759493670886076,0.8947368421052632,0.4191343963553531,0.0,0.0,0.0,0.0,1.0,1.0,1.0,1.0,1.0,0.0,1.0,1.0,0.0,0.0,0.0,5,439,0.04445569620253165,1.8632911392405063,2,7.757875524531215,1539,1657,8.731528365678274,2474,1558,9.250759477560672,3090,1459,5,11,0,2,548,1.0,0,0.0,1.0,18.2,47,1.6206896551724137,18,1.0,0.0,1.0,0.0,45,4.556962025316456,170,156,181,181,1.0,0.0,1.0,bsc,0xa2120b9e674d3fc3875f415a7df52e382f141225,Minereum BSC,0.0,90,0.0,20.49620253164557,108,122,0.04065040650406504,1
5735,237,6.026213489108663,0.05614646904969486,0.004359197907585004,0.1102005231037489,12,0.002092414995640802,25,0.004359197907585004,15,0.0026155187445510027,16,0.002789886660854403,4,0.0006974716652136007,49,0.008544027898866609,44,0.0076721883173496075,257,0.044812554489973844,158,0.027550130775937227,19,0.0033129904097646034,3,0.0005231037489102005,55,0.00959023539668701,1.1136363636363635,0.38072289156626504,0.0,0.0,0.0,0.0,1.0,1.0,1.0,1.0,0.0,0.0,0.0,0.0,0.0,0.0,0.0,4,415,0.07236268526591107,2.7550130775937225,1,9.026626258028982,1444,151,10.295468939342955,2498,88,10.83891537485988,3110,44,0,7,0,3,20,1.0,0,0.0,0.0,17.4,55,18.333333333333332,18,0.9473684210526315,0.0,1.0,0.0,47,8.195292066259809,163,138,135,164,1.0,0.0,1.0,bsc,0xbc6675de91e3da8eac51293ecb87c359019621cf,BUSDCrash,0.0,216,0.0,19.285091543156057,93,35,0.3333333333333333,1
11761,245,5.290308727504727,0.1328968625116912,0.18340277187314005,0.18323271830626647,21,0.0017855624521724343,2157,0.18340277187314005,16,0.0013604285349885215,49,0.004166312388402347,8,0.0006802142674942607,67,0.005696794490264433,58,0.00493155343933339,454,0.03860215968029929,163,0.013859365700195561,140,0.011903749681149562,20,0.0017005356687356517,86,0.007312303375563303,1.1551724137931034,0.26418152350081037,0.0,0.0,0.0,0.0,1.0,1.0,1.0,1.0,0.0,0.0,0.0,0.0,0.0,0.0,0.0,4,617,0.05246152538049485,1.385936570019556,1,7.602753304657697,1712,2022,8.731077818308286,2972,1912,9.30973256304045,3877,1802,0,7,0,2,480,1.0,0,0.0,0.0,17.5,86,4.3,19,0.76,0.0,0.0,1.0,34,2.890910636850608,193,139,152,175,1.0,0.0,1.0,bsc,0x5558447b06867ffebd87dd63426d61c868c45904,SnowDog,0.0,399,0.0,9.701555990136892,125,169,0.12352941176470589,1
10892,247,5.299651521248716,0.13606316562614762,0.19059860448035254,0.19059860448035254,16,0.0014689680499449136,2076,0.19059860448035254,24,0.0022034520749173708,27,0.002478883584282042,10,0.000918105031215571,66,0.006059493206022769,44,0.004039662137348513,422,0.038744032317297096,144,0.013220712449504223,135,0.01239441792141021,22,0.0020198310686742565,73,0.006702166727873669,1.5,0.254416961130742,0.0,0.0,0.0,0.0,1.0,1.0,1.0,1.0,0.0,0.0,0.0,0.0,0.0,0.0,0.0,4,566,0.051964744766801324,1.3220712449504224,2,7.5145865198681445,1607,1951,8.571569087500496,2732,1846,9.112707189351935,3512,1741,0,7,0,2,507,1.0,0,0.0,0.0,17.3,73,3.3181818181818183,15,0.7894736842105263,0.0,0.0,1.0,34,3.1215571061329417,196,137,166,153,1.0,0.0,1.0,bsc,0xab57aef3601cad382aa499a6ae2018a69aad9cf0,ArbiStar,0.0,240,0.0,9.254498714652957,110,161,0.09876543209876543,1
11720,250,5.326419151976921,0.13549488054607509,0.18131399317406144,0.18122866894197953,21,0.0017918088737201366,2125,0.18131399317406144,23,0.001962457337883959,38,0.003242320819112628,5,0.0004266211604095563,52,0.004436860068259386,39,0.0033276450511945392,496,0.042320819112627986,165,0.014078498293515358,122,0.010409556313993174,20,0.0017064846416382253,102,0.00870307167235495,1.3333333333333333,0.24962178517397882,0.0,0.0,0.0,0.0,1.0,1.0,1.0,1.0,0.0,0.0,0.0,0.0,0.0,0.0,0.0,4,661,0.056399317406143346,1.4078498293515358,1,7.587860936525108,1776,2003,8.70754984447895,3060,1894,9.281403047355937,3990,1785,17,7,0,2,462,1.0,0,0.0,0.0,17.4,102,5.1,13,0.7222222222222222,0.0,0.0,1.0,33,2.8156996587030716,200,144,177,164,1.0,0.0,1.0,bsc,0x8ee3e98dcced9f5d3df5287272f0b2d301d97c57,AIR,0.0,273,0.0,9.85494880546075,91,148,0.14093959731543623,1
10804,250,5.994227237121483,0.0853387634209552,0.005831173639392818,0.11958533876342095,10,0.0009255831173639393,63,0.005831173639392818,25,0.0023139577934098484,30,0.0027767493520918177,4,0.00037023324694557573,93,0.008607922991484634,168,0.01554979637171418,415,0.03841169937060348,245,0.02267678637541651,47,0.004350240651610515,11,0.0010181414291003331,103,0.009533506108848575,0.5535714285714286,0.3712121212121212,0.0,0.0,0.0,0.0,1.0,1.0,1.0,0.0,0.0,0.0,0.0,0.0,0.0,0.0,0.0,3,660,0.061088485746019994,2.267678637541651,2,9.085684543057052,2026,249,10.418480545485087,3633,230,11.059873534886675,4687,114,3,10,0,1,16,1.0,0,0.0,0.0,18.1,103,9.363636363636363,41,0.8913043478260869,0.0,0.0,1.0,64,5.923731951129211,201,169,177,201,1.0,0.0,1.0,bsc,0x5e90253fbae4dab78aa351f4e6fed08a64ab5590,BONFIRE,0.0,410,0.0,22.676786375416512,261,61,0.16129032258064516,1
16013,246,4.916780987901212,0.10872416161868483,0.29020171110972337,0.2901392618497471,20,0.0012489851995253856,4647,0.29020171110972337,18,0.001124086679572847,24,0.0014987822394304628,5,0.0003122462998813464,92,0.005745331917816774,119,0.0074314619371760446,329,0.020545806532192592,216,0.013489040154874165,293,0.0182976331730469,27,0.0016861300193592706,60,0.0037469555985761567,0.773109243697479,0.3963302752293578,0.0,0.0,0.0,0.0,1.0,1.0,1.0,0.0,0.0,0.0,0.0,1.0,0.0,0.0,0.0,3,545,0.03403484668706676,1.3489040154874166,1,6.899510520181007,1665,4353,7.794504329252348,2795,4086,8.322660541444034,3574,3819,10,9,0,2,1217,1.0,0,0.0,1.0,17.7,60,2.2222222222222223,33,0.825,0.0,0.0,1.0,53,3.3098107787422717,210,140,157,172,1.0,0.0,1.0,bsc,0x27ae27110350b98d564b9a3eed31baebc82d878d,CUMMIES,0.0,660,0.0,12.14013613938675,211,318,0.06269592476489028,1
11178,250,6.012719798111339,0.08445160135981392,0.0046519949901592415,0.11907317945965289,12,0.0010735373054213634,52,0.0046519949901592415,16,0.0014313830738951511,34,0.003041689032027196,7,0.0006262300948291287,93,0.008319914117015567,166,0.014850599391662193,451,0.04034711039541958,260,0.02325997495079621,49,0.0043836106638039,10,0.0008946144211844695,114,0.010198604401502952,0.5602409638554217,0.3656821378340366,0.0,0.0,0.0,0.0,1.0,1.0,1.0,0.0,0.0,0.0,0.0,0.0,0.0,0.0,0.0,3,711,0.06360708534621579,2.3259974950796205,1,9.091953475296302,2088,257,10.414946818894393,3717,238,11.05806548016325,4809,118,16,9,0,1,27,1.0,0,0.0,0.0,17.9,114,11.4,43,0.9347826086956522,0.0,0.0,1.0,67,5.993916621935945,217,190,177,202,1.0,0.0,1.0,bsc,0xc748673057861a797275cd8a068abb95a902e8de,BabyDoge_FAKE,0.0,516,0.0,20.933977455716583,259,68,0.17391304347826086,1
13619,256,6.188107819009521,0.06821352522211616,0.01644760995667817,0.1056612086056245,38,0.0027902195462221895,224,0.01644760995667817,16,0.0011748292826198692,67,0.004919597620970702,9,0.0006608414714736765,116,0.008517512298994053,193,0.014171378221602174,676,0.04963653719068948,316,0.023202878331742418,61,0.004479036639988252,22,0.0016153902636023203,91,0.006681841544900507,0.6010362694300518,0.3185483870967742,0.0,0.0,0.0,0.0,1.0,1.0,1.0,0.0,0.0,0.0,0.0,0.0,0.0,0.0,0.0,3,992,0.0728394155224319,2.320287833174242,1,9.377492015423789,2726,433,10.737524728448488,4853,227,11.423894447508713,6284,112,51,9,0,1,72,1.0,0,0.0,0.0,16.9,91,4.136363636363637,57,0.9344262295081968,0.0,0.0,1.0,100,7.342683016374183,240,200,221,201,1.0,0.0,1.0,bsc,0x0e3eaf83ea93abe756690c62c72284943b96a6bc,DogeZilla,0.0,2166,0.0,20.882590498568177,309,108,0.3486238532110092,1
20013,252,5.016103895503047,0.10283315844700944,0.2835157147853895,0.28336581222205565,24,0.0011992205066706642,5674,0.2835157147853895,22,0.0010992854644481086,40,0.0019987008444511067,4,0.00019987008444511068,132,0.006595712786688653,163,0.00814470594113826,442,0.02208564433118473,302,0.015090191375605857,351,0.01753859991005846,34,0.0016988957177834407,111,0.005546394843351821,0.8098159509202454,0.40591397849462363,0.0,0.0,0.0,0.0,1.0,1.0,1.0,0.0,0.0,0.0,0.0,0.0,0.0,0.0,0.0,3,744,0.03717583570679059,1.5090191375605857,1,7.113694324270471,2062,5316,8.066313924492464,3555,4996,8.62811461361422,4604,4676,16,10,0,1,1659,1.0,0,0.0,0.0,18.1,111,3.264705882352941,45,0.9,0.0,0.0,1.0,64,3.197921351121771,225,158,203,195,1.0,0.0,1.0,bsc,0x3916984fa787d89b648ccd8d60b5ff07e0e8e4f4,ShibaMax,0.0,1080,0.0,15.090191375605857,295,379,0.06315789473684211,1
5902,234,6.039390956448013,0.05659098610640461,0.004066418163334463,0.11047102677058625,13,0.0022026431718061676,24,0.004066418163334463,18,0.003049813622500847,9,0.0015249068112504235,5,0.0008471704506946798,47,0.00796340223652999,40,0.006777363605557438,263,0.04456116570654015,157,0.026601152151812944,21,0.003558115892917655,5,0.0008471704506946798,59,0.009996611318197221,1.175,0.3738095238095238,0.0,0.0,0.0,0.0,1.0,1.0,1.0,1.0,0.0,0.0,0.0,0.0,0.0,0.0,0.0,4,420,0.0711623178583531,2.6601152151812943,1,9.040697566041942,1468,152,10.311803797054079,2535,90,10.859244002945216,3167,45,0,7,0,3,19,1.0,0,0.0,0.0,17.4,59,11.8,17,0.9444444444444444,0.0,1.0,0.0,50,8.471704506946798,169,137,146,167,1.0,0.0,1.0,bsc,0x0df62d2cd80591798721ddc93001afe868c367ff,Meerkat Finance,0.0,221,0.0,18.620806506269062,87,39,0.325,1
20013,251,5.014158130527183,0.10273322340478688,0.28361564982761206,0.28356568230650075,24,0.0011992205066706642,5676,0.28361564982761206,28,0.0013990905911157748,37,0.0018487982811172738,6,0.00029980512666766604,132,0.006595712786688653,158,0.007894868335581872,438,0.02188577424673962,296,0.01479038624893819,353,0.01763853495228102,28,0.0013990905911157748,110,0.005496427322240544,0.8354430379746836,0.4032697547683924,0.0,0.0,0.0,0.0,1.0,1.0,1.0,0.0,0.0,0.0,0.0,0.0,0.0,0.0,0.0,3,734,0.03667616049567781,1.479038624893819,1,7.113594384234492,2061,5316,8.066313924492464,3555,4996,8.62811461361422,4604,4676,16,10,0,1,1592,1.0,0,0.0,0.0,18.1,110,3.9285714285714284,45,0.9,0.0,0.0,1.0,64,3.197921351121771,225,163,203,197,1.0,0.0,1.0,bsc,0x8076c74c5e3f5852037f31ff0093eeb8c8add8d3,SafeMars,0.0,1080,0.0,14.79038624893819,290,383,0.0625,1
13175,256,6.250850150861497,0.06383301707779886,0.006148007590132828,0.11127134724857685,11,0.0008349146110056926,81,0.006148007590132828,29,0.0022011385199240986,66,0.005009487666034156,21,0.0015939278937381403,124,0.009411764705882352,199,0.015104364326375712,577,0.04379506641366224,297,0.0225426944971537,70,0.005313092979127135,14,0.001062618595825427,146,0.011081593927893738,0.6231155778894473,0.33981693363844395,0.0,0.0,0.0,0.0,1.0,1.0,1.0,0.0,0.0,0.0,0.0,0.0,0.0,0.0,0.0,3,874,0.06633776091081595,2.25426944971537,2,9.63523301008532,3071,335,11.073279125627911,5254,191,11.746708337212262,6778,94,0,9,0,5,45,1.0,0,0.0,0.0,16.9,146,10.428571428571429,57,0.9827586206896551,0.0,0.0,1.0,105,7.969639468690701,233,240,233,220,0.0,0.0,1.0,bsc,0x4e3cabd3ad77420ff9031d19899594041c420aee,SafeStar,0.0,627,0.0,20.28842504743833,323,102,0.10679611650485436,1
10674,245,5.340782221170108,0.1310661420273562,0.17950159265504964,0.17931422147273748,19,0.0017800262319655237,1916,0.17950159265504964,19,0.0017800262319655237,24,0.0022484541877459247,7,0.0006557991380925614,64,0.005995877833989132,41,0.003841109237399288,440,0.041221660108675284,147,0.013771781899943788,122,0.011429642121041785,15,0.001405283867341203,94,0.008806445568671538,1.5609756097560976,0.2504258943781942,0.0,0.0,0.0,0.0,1.0,1.0,1.0,1.0,0.0,0.0,0.0,0.0,0.0,0.0,0.0,4,587,0.054993442008619074,1.377178189994379,1,7.621251098475586,1688,1799,8.721737578551277,2841,1702,9.280288891166325,3665,1605,0,7,0,2,412,1.0,0,0.0,0.0,17.4,94,6.266666666666667,12,0.75,0.0,0.0,1.0,34,3.1853100993067267,201,152,155,165,1.0,0.0,1.0,bsc,0x373233a38ae21cf0c4f9de11570e7d5aa6824a1e,TikiToken,0.0,228,0.0,9.640247329960653,105,148,0.12751677852348994,1
7285,244,6.06325640465312,0.0781056966369252,0.03225806451612903,0.1032258064516129,9,0.0012354152367879203,235,0.03225806451612903,17,0.0023335621139327386,13,0.0017844886753603294,2,0.0002745367192862045,43,0.005902539464653397,79,0.01084420041180508,226,0.031022649279341112,148,0.020315717227179134,25,0.0034317089910775567,9,0.0012354152367879203,49,0.006726149622512011,0.5443037974683544,0.39572192513368987,0.0,0.0,0.0,0.0,1.0,1.0,1.0,1.0,0.0,0.0,0.0,0.0,0.0,0.0,0.0,4,374,0.051338366506520246,2.0315717227179135,1,9.088335002328634,1621,195,10.330716720869654,2809,164,10.900079942499685,3521,133,0,8,0,1,122,1.0,0,0.0,0.0,18.2,49,5.444444444444445,13,0.9285714285714286,0.0,1.0,0.0,39,5.353466026080988,178,158,169,177,1.0,0.0,1.0,bsc,0x0e09fabb73bd3ade0a17ecc321fd13a19e81ce82,CAKE_FAKE,0.0,117,0.0,16.25257378174331,122,36,0.24324324324324326,1
6661,240,6.040519612081656,0.07191112445578741,0.00210178651854076,0.11169494069959465,3,0.00045038282540159135,14,0.00210178651854076,15,0.002251914127007957,25,0.003753190211679928,5,0.0007506380423359856,47,0.007055997597958264,61,0.009157784116499024,256,0.038432667767602464,197,0.029575138868037833,21,0.0031526797778111395,11,0.0016514036931391683,86,0.012910974328178951,0.7704918032786885,0.434878587196468,0.0,0.0,0.0,0.0,1.0,1.0,1.0,0.0,1.0,0.0,0.0,0.0,0.0,0.0,0.0,4,453,0.0680078066356403,2.9575138868037834,2,9.021422061462163,1539,153,10.197145151578187,2584,144,10.7661129413974,3243,68,0,10,0,1,8,1.0,0,0.0,0.0,18.9,86,7.818181818181818,17,1.0,0.0,1.0,0.0,51,7.6565080318270535,177,142,161,155,1.0,0.0,1.0,bsc,0xe56842ed550ff2794f010738554db45e60730371,BNB_FAKE,0.0,51,0.0,29.575138868037833,108,29,0.1,1
4105,216,6.04838322476714,0.06894031668696711,0.00925700365408039,0.10669914738124239,6,0.00146163215590743,38,0.00925700365408039,17,0.0041412911084043845,13,0.003166869671132765,1,0.000243605359317905,26,0.00633373934226553,45,0.010962241169305725,131,0.031912302070645555,91,0.022168087697929353,10,0.00243605359317905,6,0.00146163215590743,33,0.008038976857490865,0.5777777777777777,0.4099099099099099,0.0,0.0,0.0,0.0,1.0,1.0,1.0,0.0,1.0,0.0,0.0,0.0,0.0,0.0,0.0,4,222,0.05408038976857491,2.2168087697929355,1,8.830328772320728,1008,100,9.8756651563652,1603,92,10.369675411700394,1983,40,0,7,0,1,4,1.0,0,0.0,0.0,16.0,33,5.5,9,1.0,0.0,1.0,0.0,31,7.551766138855054,130,118,135,147,1.0,0.0,1.0,bsc,0x17bc015607fdf93e7c949e9ca22f96907cfbef88,BUSD_FAKE,0.0,54,0.0,15.517661388550549,71,17,0.3333333333333333,1
19514,256,6.098618534592399,0.0668238187967613,0.009839089884185713,0.12052885108127498,16,0.0008199241570154761,192,0.009839089884185713,15,0.0007686788972020088,97,0.004970790201906323,13,0.0006661883775750744,170,0.008711694168289433,250,0.012811314953366813,783,0.04012503843394486,540,0.02767244029927232,136,0.006969355334631546,34,0.0017423388336578866,282,0.014451163267397765,0.68,0.40816326530612246,0.0,0.0,0.0,0.0,1.0,1.0,1.0,0.0,0.0,0.0,0.0,0.0,0.0,0.0,1.0,3,1323,0.06779747873321718,2.767244029927232,2,9.31982664165661,3141,398,10.706941242494654,5828,348,11.43369440869818,7785,198,33,10,0,1,89,1.0,0,0.0,0.0,21.3,282,8.294117647058824,99,0.9801980198019802,0.0,0.0,1.0,135,6.918110074818079,243,217,198,224,1.0,0.0,1.0,bsc,0xa35d95872d8eb056eb2cbd67d25124a6add7455e,ETH_FAKE,0.0,1584,0.0,27.67244029927232,420,165,0.0963855421686747,1
4931,219,6.0008959503053845,0.07239910768606773,0.002027986209693774,0.10971405394443318,3,0.0006083958629081322,10,0.002027986209693774,16,0.0032447779355100387,21,0.004258771040356926,2,0.00040559724193875484,36,0.007300750354897587,34,0.006895153112958832,151,0.030622591766375988,107,0.021699452443723382,17,0.003447576556479416,8,0.0016223889677550193,42,0.008517542080713852,1.0588235294117647,0.41472868217054265,0.0,0.0,0.0,0.0,1.0,1.0,1.0,1.0,1.0,0.0,0.0,0.0,0.0,0.0,0.0,5,258,0.052322044210099374,2.169945244372338,1,8.937273469284087,1188,109,10.112922851791643,1996,99,10.649066736070745,2500,44,0,7,0,1,6,1.0,0,0.0,0.0,16.0,42,5.25,10,0.9090909090909091,0.0,1.0,0.0,30,6.083958629081322,132,152,146,148,1.0,0.0,1.0,bsc,0x928e55dab735aa8260af3cedada18b5f70c72f1b,FreeTokens,0.0,30,0.0,15.189616710606368,70,22,0.13043478260869565,1
